Year,District,AnnualParasiteIncidence,SlidePositivityRate,AnnualBloodExaminationRate,AnnualVivaxIncidence,AnnualMalariaeIncidence,AnnualOvaleIncidence,AnnualFalciparumIncidence
2002,Nyarugenge,46.473126727632504,7.3323949726255995,72.29102905669757,13.163125442365859,13.686566733460614,18.620643634217465,6.28432133398578
2002,Gasabo,43.42083298522623,7.774017813110617,35.792947232034464,6.857799973833427,9.540927010191353,16.923569963755224,11.545536293795191
2002,Kicukiro,26.047492051092846,9.166580967747356,48.89947465876409,17.320247131693012,13.956185451144442,5.460376900673548,6.764115868173446
2002,Nyagatare,11.296192528004465,2.058216824723796,22.541417004292438,16.548226974602933,14.133615417988695,12.494301931830405,17.41154908211268
2002,Gatsibo,44.794517518341166,7.140453194054083,30.459286270634585,13.04936006570572,15.61676488002959,3.9210095883269416,15.161199237287539
2002,Kayonza,32.45092639872773,3.5852233430320952,37.50709222469045,2.1125808939288353,18.813351513081308,5.131600949784679,3.2157574499690025
2002,Rwamagana,13.410340998126271,7.599316707323944,44.0768067055523,13.7014689147327,11.068759220397602,11.752807881004582,5.902870717684195
2002,Bugesera,31.966779781369326,6.80707120432213,40.23774601213964,11.599349620847052,7.731468372150519,9.572990823567856,15.129713837662498
2002,Ngoma,35.4036567678951,4.774492852213258,75.87331089358241,10.413307020936308,7.187294473545057,19.64584892260077,19.732105571092152
2002,Kirehe,22.382954882651973,5.715707567663891,42.046099188931166,16.043770373215374,7.109062991527289,2.788745851604908,5.023740325033719
2002,Rulindo,27.78453767794167,6.646629142988033,59.19635951556419,16.672895765672514,6.734888469639923,5.212618151625854,3.7065644656939094
2002,Gakenke,35.8382642055231,5.997514515712998,58.81516232359147,18.91129573915851,17.389001826747787,7.87308475756529,16.171572785904402
2002,Musanze,38.98097073151668,4.196970076444387,52.56055816814654,2.206345049158446,14.054262132664126,11.809211695937638,11.76065148954083
2002,Burera,8.003906243241854,8.872786173864165,67.63987583358455,17.5602990177001,14.48537053517739,15.090060143477972,16.183915868316987
2002,Gicumbi,20.98279407826623,7.129425868405474,38.00157275560042,18.866593458521656,14.220712257986076,14.02323003843542,14.396999523396786
2002,Kamonyi,16.82449417558783,6.755091252653318,30.544768661784534,2.339878903389222,16.417724257161026,11.828219125631957,4.602507166343446
2002,Muhanga,36.43611063897888,2.065300834675765,37.09818606808436,15.903419807365252,17.00740955031084,2.222670710436815,7.64980458438842
2002,Ruhango,29.439905504849975,8.987078510216591,39.82086410476178,17.80889588271549,16.354490427698977,6.3821552811014834,13.525701279048237
2002,Nyanza,42.82198880621985,9.935093125947803,64.58930337844572,7.449441048388329,11.21767486064421,3.1777877689948655,18.942757528786878
2002,Huye,16.23623032806811,7.823401020883515,48.73711748370893,10.73126559189971,9.577838640654932,12.530471493930094,7.053524882235603
2002,Nyamagabe,38.370289452244855,3.2554816947586693,38.296602785011046,14.814772836288,14.781615875612728,13.119964183227482,14.62814534253182
2002,Gisagara,33.512740421787285,4.614507839565443,73.85146582380804,2.075670008534627,17.709685211588408,6.159381621999533,12.096903116043624
2002,Nyaruguru,22.105438877651434,2.2059871207789215,68.21309499998225,12.905615015757881,7.156808627004986,4.1365568012016976,19.202137393812798
2002,Nyamasheke,34.108891530900685,7.350068986149492,57.44038292249124,8.202580916568856,6.6888617773266645,5.100314771973279,9.673533067229835
2002,Rusizi,48.69883429821941,5.400333447172869,22.12059367997067,16.4086689405122,10.715679664623993,18.123107370133674,10.687534602512267
2002,Karongi,16.510908434393194,9.939801136528489,45.84726927630863,19.99683617852629,16.121193582667964,14.78352442332024,10.833185829686835
2002,Ngororero,32.57007894263897,8.53137076947117,70.88351796205984,11.878902619635436,10.416866009916003,7.631975381819042,8.011200930421769
2002,Rutsiro,21.97826698393556,6.069719620698917,43.990853693793724,15.187472522921192,15.258003963935977,9.141940633664024,16.53890379799491
2002,Rubavu,26.741768966936075,5.885252907055862,44.38287939222871,11.019445984216613,11.62069854197289,14.519723048098168,13.85795046995826
2002,Nyabihu,8.075651994082069,7.847013958013275,61.917209099339,16.229747406988054,4.049547061836419,4.779958485193612,6.270807086620262
2003,Nyarugenge,42.58616637128968,7.457642454403291,72.1698646229226,5.513152354647751,11.666610982604462,5.052303273848421,8.33010496666514
2003,Gasabo,8.077025909212844,7.268553962833796,78.81824974091384,9.1380601785384,7.291434296678918,3.745506929035148,15.09402596608462
2003,Kicukiro,36.537656171319604,2.223472081943801,57.05226557938801,15.196430926238573,9.520561678220341,3.3383434915915027,7.35647589363456
2003,Nyagatare,38.82131112266604,9.850860503950452,45.09386713667416,15.191227517177605,13.73090446676678,5.59999269586486,14.371963046549862
2003,Gatsibo,42.603776494333616,8.871296632062101,52.342356074555525,12.43950838040324,10.604588214248995,2.7739602020860583,6.39327446260015
2003,Kayonza,14.501213236914204,6.710370016928377,70.53503775776329,8.517696640244864,17.814880616525457,18.126866319637337,11.557253039697722
2003,Rwamagana,32.26860829409716,1.6033748000010686,67.694018520648,12.084010509393849,14.225281521393736,18.608800771281388,16.21180204421986
2003,Bugesera,21.816289941393258,1.9966840989720054,26.916707220971688,7.8021034950500825,11.234523843397543,12.966451865197364,5.807570130072601
2003,Ngoma,26.09413547466365,1.5837039735519856,38.211550430176416,5.251023674284913,16.68634718206534,14.568424822560988,9.61355718355321
2003,Kirehe,41.03553166768327,6.036463285015736,50.29194588535934,19.827329196631048,16.134472426493375,10.456962633519538,19.053154298302392
2003,Rulindo,35.91323208066865,3.8230463790315223,79.81753970912817,15.890182656726278,5.765338386311057,19.277693140711627,18.278574357965265
2003,Gakenke,25.71886062337018,9.195727680420896,59.094213893776306,8.001224394132947,2.8089378097455437,9.537477282905819,6.242232525670643
2003,Musanze,25.595809559769126,7.096393258554089,75.15071762604856,5.906266417430294,2.4237048966750954,11.109006290546201,4.124978648676625
2003,Burera,44.50356672645921,6.131399052566942,66.10081998875275,16.085431072004653,2.173991504169935,3.306166406232946,19.947834495050216
2003,Gicumbi,7.238801064842178,1.202785189138942,56.06085959466458,10.187327015834658,18.80842332504016,14.193969903795399,2.6702525036881033
2003,Kamonyi,18.603608341768386,3.2563609248035856,31.41249406191551,18.816040250182652,13.451994054428207,7.515093256771788,17.689810750086483
2003,Muhanga,23.183981458911244,2.640750899871457,31.266706908396937,18.83711024819518,10.93453132186215,10.741834276176844,4.558234284319059
2003,Ruhango,38.28396386853804,7.126671416057831,22.59760786708582,16.838681437977908,7.701911027023878,12.998583644069445,7.809578549335829
2003,Nyanza,49.91163394252099,5.605293339295949,35.40956194528052,13.095132291688717,17.983085233119102,12.601799198148651,4.522002175541556
2003,Huye,34.962004593214004,8.615069138958152,74.69537494847884,7.427559136257989,3.5988950504235007,11.22669845592987,12.935986413316078
2003,Nyamagabe,22.446539265351802,8.103347278587632,59.060679330494494,17.76191144202722,3.5307897446883447,16.63705757412893,18.186688042547022
2003,Gisagara,18.409464075958013,8.87019061660434,74.91456336506846,19.328653145717098,16.170546198099867,15.427754455986705,10.699379402333347
2003,Nyaruguru,30.502218831950927,1.125114492373101,42.50761880697641,3.569746612378045,15.794326839933579,12.069334718564583,5.424049221211016
2003,Nyamasheke,20.330545824765537,2.716632493652127,36.975982800013824,2.0041554756205944,16.821965935842957,5.569169511283405,16.196002565211096
2003,Rusizi,46.14120459303527,8.146915935096501,28.484223588085044,2.6899794667114105,18.58824391457894,12.233304958482556,2.623854336430907
2003,Karongi,32.30569508475544,3.3895428000201537,60.96720644798687,10.860047908084967,5.4493115787662845,10.527437565425508,15.607995397394184
2003,Ngororero,35.36266553255069,6.718787069873014,51.662321736115416,5.822006166635479,11.273403702788801,12.493588922938379,11.236115668449523
2003,Rutsiro,18.811274103856753,5.716689741675865,59.67260964302369,16.38579534473987,5.56414486817885,14.69715686492458,17.649329152498513
2003,Rubavu,14.536569476409566,2.6402834314798347,67.41097621398109,19.107779449511295,15.988955935769775,9.803051405988075,12.764885121997922
2003,Nyabihu,27.20176117268123,4.731346351803548,20.73551121643032,13.088096586683955,9.311226053448328,5.35312500790716,2.8598502803015817
2004,Nyarugenge,46.0370050963856,8.912220258526702,39.84907367773337,14.965629745528398,10.540926328499834,8.187437272040968,5.21981114971949
2004,Gasabo,14.383473044845614,2.7164939338978726,35.202801332689546,19.114924005417127,4.911044774295749,8.282964210397584,17.670691862026978
2004,Kicukiro,41.009503414819726,2.260157245771512,59.93933923983904,8.704618389880974,16.499179719091163,6.176106804641097,2.0937965329193107
2004,Nyagatare,32.27570718775259,5.107106377842318,74.29049948801804,5.63057937412302,3.1219315920870923,14.949780312012573,9.987871515008504
2004,Gatsibo,9.81575963308974,3.4800087617514626,63.18595013553656,11.89310112022767,11.427064062990123,16.6881811171908,16.218225754711547
2004,Kayonza,44.33658939901203,7.388482827515365,52.283200263461,3.88166932468369,6.083308107942262,13.786274483574987,8.915618660382972
2004,Rwamagana,49.04088148291616,3.617334326399499,40.154587244176795,12.789455012707753,11.050967716880072,10.23973275295002,2.4997175252340242
2004,Bugesera,33.22924580123413,8.459802729491003,20.52475878689793,3.085865579398059,5.2077654136702956,7.543405680265892,11.435649743592778
2004,Ngoma,36.09293950539272,5.1070325397516685,68.88204627389034,7.144525363310601,14.384237314775623,3.035536455622344,9.666975812264536
2004,Kirehe,9.317797953319019,3.419964125258632,34.17770535387376,11.152114107699264,4.274073560766909,19.068517664026405,12.323345951650346
2004,Rulindo,15.583601920759932,5.799839758926616,42.343127406564676,15.75272564318372,18.34275469561244,18.54183079873791,17.85465163609938
2004,Gakenke,42.004075143144306,6.213000381357876,39.33804173826452,6.650573496828418,19.177833180667463,4.748145034357119,9.170125479237944
2004,Musanze,12.715628351541831,4.2266153720482285,27.49602476846478,2.833025545296586,13.953856050135805,12.918124497964358,18.767610362068122
2004,Burera,49.9272500348565,3.307886270488647,63.61969914598429,12.908247698063082,16.533543140740505,6.272278737245248,3.242419418339754
2004,Gicumbi,21.62964033412813,2.287963565334631,40.30909112012074,9.83347097067707,17.36349255656928,19.791710969987,15.59840363584854
2004,Kamonyi,28.64034569150972,8.267640688172843,53.16970206872443,11.100011745863236,7.032288416989291,18.620379495240865,8.00386041817486
2004,Muhanga,8.75049154021076,9.230140319601139,45.83822047273911,9.467027104690132,14.455969529590654,17.030481999671096,14.047883024968614
2004,Ruhango,42.37159506318199,8.09947886414956,62.63417831774228,18.535863280643568,10.356202763373984,7.967658803862349,9.947100417043108
2004,Nyanza,16.981860965249936,3.3945894906259193,42.494995883265894,11.864100820399981,12.308515828734345,4.318198351383805,3.394545146976604
2004,Huye,7.403557545037564,7.171117498650454,40.51797145860162,17.787529580082637,10.251398379476296,12.846952577666638,7.1813973364987245
2004,Nyamagabe,49.750403374211814,6.85460859974212,64.17945476440272,8.331879174229519,19.856120520150586,4.553279501962487,11.556679483620371
2004,Gisagara,22.78644471421254,7.122109229425189,39.15858407926467,5.859904515269742,11.13519264294645,4.553715642104095,6.423090154794865
2004,Nyaruguru,35.128426327881506,7.5743919599680885,55.48340430539178,13.70604561114243,3.068182986990097,9.416871235819926,3.317711025121607
2004,Nyamasheke,38.731075019524866,7.671903248858,69.24646568250596,13.99748881123069,13.489625506102282,2.6547277218684195,4.464998665055183
2004,Rusizi,21.746288814717147,5.964449662983308,71.03113330965908,15.9465724172035,15.626632362639208,6.104665457587222,5.12081317156205
2004,Karongi,35.750603795065885,8.054118090305575,27.36540629043884,11.654527739906122,13.708079874663493,10.889018839425662,2.578925999475304
2004,Ngororero,33.401078044284944,6.742735812808792,58.697252927943666,12.177873249398088,3.781060889675561,7.340035664595103,10.840662726080655
2004,Rutsiro,39.71557587065758,5.70640272642829,41.86934519461203,19.60500435719372,6.793274928347919,16.9156848901644,14.02909399378981
2004,Rubavu,45.14792083573004,8.983298342873603,67.58535544485649,16.630073857062527,17.268541318376737,12.339756427396656,6.8266149739022355
2004,Nyabihu,11.546885303031392,1.940633557337105,30.73579584032753,11.917016394261227,2.84745091300206,12.52702266093106,19.461320444379496
2005,Nyarugenge,16.674580391364458,4.785335871731647,44.16518485210394,7.397731222157145,14.781270990037646,10.314817815839499,4.986815957673963
2005,Gasabo,41.42247739884615,4.748769704289302,27.062554221685048,9.83682404557191,10.115678937290392,9.094782967534115,14.262928049101221
2005,Kicukiro,30.864422528933332,6.388686279010421,29.503212231572203,12.500972840920651,19.57494886787149,11.28785065380117,11.100869920117018
2005,Nyagatare,22.28459805813972,5.312249417969288,38.32345658052261,10.492445989315343,12.731722204406042,5.458247578906658,6.4778635581389565
2005,Gatsibo,42.43569583190439,9.373400798902955,65.20655313604951,17.256628158412454,6.732377798853449,14.003835777084543,6.508488257176032
2005,Kayonza,5.787563115883812,2.9821187987006796,31.98707866041664,17.223044947855534,15.536302250759416,7.292450203860594,7.941000686263328
2005,Rwamagana,35.11968130137734,3.283558084634075,59.9969971322561,7.315726666747277,4.294419093686459,5.948042395339574,18.654506493120014
2005,Bugesera,23.31723751967752,2.2400558980791443,46.25910513539443,8.615845652887419,19.06048000149355,8.345069587972693,3.6008128702083426
2005,Ngoma,17.85336658704465,5.825661584737603,21.038292511875433,5.218773084505962,11.094531282199268,10.896656636326771,13.951510079373762
2005,Kirehe,45.94209565176781,3.6592389504763143,78.8666437678952,7.1352620256700785,14.999179392021922,16.735663930509673,6.498956148473034
2005,Rulindo,43.61827052565806,4.6129187226418695,46.982326830578884,10.022164211422538,15.28684051388314,8.15358641340644,17.041766859415787
2005,Gakenke,25.985423308927373,7.360902441456821,43.783280598148934,8.576503128721988,5.427716965425386,2.811579628512688,11.371412138408767
2005,Musanze,9.100090733126503,6.931751103635191,21.795332090676474,6.460902625062177,10.765009114297072,4.707678670246857,2.713641905549521
2005,Burera,43.24429109884173,1.3121548506140859,31.365716283020518,15.651345019555341,3.5694556270304076,5.492301089305247,12.840591267996464
2005,Gicumbi,40.48898535374745,4.014852111418959,57.69063114985073,9.767242970073152,13.635022109581827,8.150341499251972,15.126708124567527
2005,Kamonyi,38.46243210305484,8.558727145202912,22.693404486535282,7.540436129144939,19.866652893965675,15.669914436729444,16.404978317431972
2005,Muhanga,42.14127175500088,7.4750671732943506,44.15093143998577,7.295264737123845,17.18604477745255,17.40491585848117,7.12140783517431
2005,Ruhango,24.33220077940818,5.748320933732003,28.287502017198733,4.0720625166997575,5.010939646225482,13.302237459678244,13.498874516747065
2005,Nyanza,21.81916334964405,3.901295320755038,69.44114964374307,9.686717884750946,8.850199166474408,16.712111952146323,5.236031258147249
2005,Huye,49.296001327458484,9.565836449078764,60.31351032750219,11.032475205306408,17.118519251288067,3.355071414591996,6.925556497457568
2005,Nyamagabe,25.54298269481335,1.8902365190740953,56.58782753846946,13.772330831665354,11.622714156014293,4.4009536528781075,19.15371247218984
2005,Gisagara,45.01459550775104,5.297974902317346,56.92480179094871,11.244301916675521,9.94965097692503,9.922230253626172,4.7501651110702845
2005,Nyaruguru,12.497930270546004,1.8858773967740874,57.4202212906396,19.62195941462886,16.941084576585812,9.046431410458315,7.6567726128976465
2005,Nyamasheke,38.23535740584034,4.76762559595306,29.97325279500359,15.746718155377195,12.097718075982463,13.61842982067789,8.596121936354525
2005,Rusizi,33.74101348101293,6.858771671614176,20.60370393472023,8.624191772242625,11.698928005883493,12.954289205644692,2.3413939090908573
2005,Karongi,6.367459047573281,9.65876526798546,65.3251134126826,19.760645438118686,12.90663776923997,9.06730982968175,14.320745406310472
2005,Ngororero,8.685808596590945,4.653992931876793,36.247064504274874,11.097551027052633,6.08265405457425,2.5205973131977086,3.5666994183181133
2005,Rutsiro,41.4052875804356,9.976095102876046,69.90923263866537,4.887610512549741,19.34243561300269,13.662549796993781,8.56752549126709
2005,Rubavu,38.329059290557275,8.636545959956756,53.89392765695867,13.342881765189857,14.00494908043033,3.207228355368658,18.549815212160453
2005,Nyabihu,39.93025258688762,5.592027325033257,40.05290033850849,4.330920125550197,8.031406724374826,12.756002831242087,13.671438771045027
2006,Nyarugenge,34.38884026600901,1.8669670363862378,59.615927488681415,3.6577959256172123,2.8617768864000204,4.6664511687766375,16.946202041612665
2006,Gasabo,27.741704501251018,3.5721657812549052,30.810103675793272,8.049961033314826,2.176731326923318,11.488254857689988,15.252968959086205
2006,Kicukiro,12.18926960915628,6.939451624435364,74.70862921147015,19.589137299014446,15.91844981523131,3.7103562794981193,12.528909297649811
2006,Nyagatare,30.832074563186275,2.877935898483862,69.55000646706804,4.885714276493953,9.022832603666082,11.353357956662201,2.5859581392665265
2006,Gatsibo,36.36521171972301,6.558659849014139,64.3769017243414,16.520796640511634,12.372046209983964,19.155620042488433,15.75254214546793
2006,Kayonza,5.995896477297345,6.5684554719856685,25.427586576091343,8.97649743837044,7.368759875036846,11.484692568499478,6.00058983037726
2006,Rwamagana,6.19585590676265,9.634986998274298,38.94701842097844,8.628587346138712,8.028300863629225,19.91271834004956,11.159176659445833
2006,Bugesera,11.02882602899675,1.1014530770561781,35.14105051008391,4.46013345419451,4.095828813796164,17.261532975153358,5.244572126274457
2006,Ngoma,47.43577776164407,9.147138721420365,37.73882637266895,18.4913160188978,6.658686417935108,6.604625291379401,3.4885712403446227
2006,Kirehe,31.9306816966878,2.6629053974888945,46.81745628750889,16.720641672948325,12.097806904627436,7.739692703288925,14.004338900389717
2006,Rulindo,48.45356042759359,2.5683578186711253,42.426932791122,4.282494171061771,16.223319728038067,8.141136813310078,3.1444547577218502
2006,Gakenke,10.057873653817566,3.728046902799642,45.715272053109004,10.52049297581415,2.8436253052121527,17.37098169902128,5.794509904800954
2006,Musanze,37.59341154758443,9.257680136538356,44.08257165590352,3.0090919898552326,9.328215464753509,11.493998905841197,11.100800451566114
2006,Burera,21.861201141151792,5.64190330254325,20.475687015235675,16.118483219554278,13.855447769380488,14.359005801435426,9.006384959909752
2006,Gicumbi,26.57718587449573,6.0554623674862675,42.83429327690034,13.908906997729476,8.41636573623637,15.93901313981003,4.26907072693452
2006,Kamonyi,24.214453306378445,3.844551314202469,51.329550683466486,8.227740281892416,13.28032939170672,8.700049653114089,14.359835857174815
2006,Muhanga,40.65501238534217,2.3741370730037943,39.51563820685963,13.309055033971243,14.129313814156237,5.357841694238415,7.059028515137788
2006,Ruhango,40.100026939898925,4.049789655956919,29.450142048989555,9.29584672355916,15.185970401972446,17.308509446194662,10.5489414341505
2006,Nyanza,34.3084906180998,8.841871605575744,79.40160031572547,13.145689279828392,5.699661324066072,7.851600965289865,17.829788586142207
2006,Huye,13.598218504540748,6.780493492078033,64.0437749920032,7.938093169029879,19.514073765148986,18.494854429369074,14.306906884056353
2006,Nyamagabe,44.42390458014404,9.449557375756722,33.050176013880176,10.248551223331816,13.260099378409885,2.346447676040772,18.099466280010148
2006,Gisagara,45.00987436511569,1.5878342050719376,39.216156757322935,5.626960534267562,14.769818158009281,12.872210977405897,18.52089591744219
2006,Nyaruguru,40.072936849448595,4.400566079581457,63.69309073913,4.240686192764528,7.457513614208128,4.62929784508341,19.609180262692554
2006,Nyamasheke,46.189361418280576,4.9781463477222445,55.57699523293771,10.242432812573979,14.537827036490622,5.60927343726582,17.86822072159221
2006,Rusizi,25.006348506148832,4.220045553341932,67.52865885790145,16.86711815379813,19.13413485047862,7.091193271198272,19.257101170715693
2006,Karongi,6.87134143667012,6.842810607137444,54.75648255267724,16.722161315660067,9.529472926182638,9.593847568641632,9.425085910949642
2006,Ngororero,18.68158620319562,5.413322382688377,33.899357193983064,14.174608233898846,11.628602275438475,13.426908748557713,7.551747479110612
2006,Rutsiro,11.848171321333979,8.854078462696961,40.11273533920004,18.06459820391061,14.788385990222634,3.7909092057399985,3.465194482237012
2006,Rubavu,30.015907308011542,3.1714878061230283,49.7280540035479,19.405745964683263,9.264357831267503,19.847723081508384,5.022127915500893
2006,Nyabihu,26.67223756707608,7.051138833903152,49.67646119804651,11.143101037450503,16.0643442219285,17.352906774707044,9.088623980836246
2007,Nyarugenge,5.668316209592265,2.0395719113474313,61.248605547180475,12.73352495958643,8.88315541535487,2.6302159315068576,10.11230628319656
2007,Gasabo,44.95580514703615,3.360612850453993,63.531060663664114,11.869220870622405,18.07311011218593,5.904897799510242,2.8081079465319148
2007,Kicukiro,28.18181265970903,7.442549887029143,75.78494050848596,4.993118742795262,14.20935124810455,14.929758030816162,11.821793139236977
2007,Nyagatare,18.07043773850112,5.874480975352772,69.89555737588609,8.281414317166522,3.378935568355444,14.456549373316399,13.241852199339482
2007,Gatsibo,8.694437283901733,9.285151317190815,79.53549952584893,2.469937923850015,16.565509117341442,7.354630420990917,16.681973501223382
2007,Kayonza,43.47892575081265,5.812996798725096,35.80111094733667,6.242222974785154,4.090983583623855,13.386454563895029,11.430655582164961
2007,Rwamagana,22.764985382689364,2.598261939178504,76.13548005929823,17.13020117975026,2.8131903523091335,9.913576625044747,7.991771642373764
2007,Bugesera,24.524552314687853,8.04491228565944,45.413252954684985,15.258256412035639,3.315798389399334,19.428005830126438,18.43115988523364
2007,Ngoma,45.19504335890687,4.876365393797529,32.054105100997596,11.788802450241052,16.700540194246695,8.944183600942349,16.322563634133427
2007,Kirehe,38.568882003436464,9.326803978609577,28.107734463031885,19.65904212416764,7.572015713194064,9.970426221827278,12.602048168844506
2007,Rulindo,20.567843877706622,9.176219114721363,71.5865002131382,9.0156827334669,14.757474310979655,11.684895594681098,15.52615318752643
2007,Gakenke,49.06399026743891,8.802748232711089,20.58740869235325,11.29735956457543,17.670840718499896,9.030270573968771,13.421150108024145
2007,Musanze,35.4495484001331,8.575802795325199,46.223368756244,2.4689234982177997,7.068276196283636,12.127852168971915,18.35552347270615
2007,Burera,37.082992421672266,3.443391841260273,69.27955709381988,3.8414971505528133,2.2999975761969607,19.7270646673985,18.739989111828937
2007,Gicumbi,38.594669708937026,4.121226424194516,35.729990562071954,13.54725450073162,8.903075014416835,17.815143673380312,7.671719714310722
2007,Kamonyi,6.74818004528035,8.406918216235539,60.62197521867258,14.937658176940598,16.269773326353707,4.848526078590499,6.857769096772243
2007,Muhanga,9.494153675060057,1.6091587941616108,79.75027798918944,2.3115620528878384,2.3000850747337065,4.274208543430048,8.203657091907626
2007,Ruhango,36.692879287444775,8.355120043608323,69.1422786374217,9.888977214762779,4.433166280683422,8.06458675981927,19.017551335766992
2007,Nyanza,25.960397177475862,4.016137997885144,71.3708192829657,9.102091236133653,6.841889342062135,13.813238365486944,14.878800790087576
2007,Huye,20.238612615328893,8.204151969429894,21.183293921791616,8.623939092528463,12.692778227337207,3.9762717832317556,11.720084595943819
2007,Nyamagabe,42.523948287722874,6.785431955484546,60.03167622733771,7.270560568195477,14.622950196996655,12.014745052619542,8.233014394075173
2007,Gisagara,37.94115372237407,4.805237336924701,62.45127853376758,14.388627665587608,11.684275929908395,17.798282616782352,4.794562707841368
2007,Nyaruguru,38.98648723056482,3.5142398872171383,45.31572432387888,16.27435735792557,19.842750331141787,13.951809804959153,3.930701582195347
2007,Nyamasheke,27.838634803308764,3.3306719973872827,56.044858453822656,3.1095549804296554,16.51884520094455,3.1749653012807,4.78899888789408
2007,Rusizi,41.415502778603695,7.811025684370801,52.8374674902842,14.143689387575222,14.134586491520325,19.292188547175094,9.984658824775902
2007,Karongi,33.835029371016546,9.706810572015295,73.139890002931,9.945243249188668,12.582000091321248,3.0018274595796406,12.911855395072585
2007,Ngororero,25.03394364552468,9.404447344331052,79.960019333801,8.727833544875775,10.640293418366936,18.13273058770434,12.810167991911287
2007,Rutsiro,31.618714882095425,6.975641652316645,26.427287372350186,6.367055245508675,18.504703102023043,11.81831749498015,3.1048907365279286
2007,Rubavu,41.593206573534395,2.7771067291264955,78.21598773969757,7.3934340933586675,11.809472425095821,15.684677516608906,16.76292701942858
2007,Nyabihu,27.07506446586974,1.31148556179495,25.744763242549237,12.664728116399267,2.4774001258521188,12.00555017609881,4.273510982792036
2008,Nyarugenge,27.90862006921309,5.9206582703170225,66.45083908204015,18.960031264092407,16.295152063911353,18.67861249592147,7.1058740437417915
2008,Gasabo,11.866654119392877,2.332998329029207,39.73508296031896,5.93344297776997,11.867062243634285,18.820410163452014,6.762736412981335
2008,Kicukiro,47.103451180044246,1.2336093786898064,33.96663928055065,15.813556313866549,6.216987226743212,13.853039900815169,11.658287056464065
2008,Nyagatare,5.454734835611122,2.6279087543136113,26.219453275915317,15.801642291952025,8.844490467700584,2.7796342989004295,13.008043189550675
2008,Gatsibo,14.80017380932722,8.408762280602357,45.16911087083892,13.909692773190637,2.637069813796738,13.347327511218278,8.05003372223929
2008,Kayonza,23.33060724282883,1.6306674446688452,60.55910179625929,12.943592020225989,12.892926796987547,6.699910730831592,12.465199091106419
2008,Rwamagana,14.932040015042583,7.368592377508758,39.5663111667944,16.809257481372462,11.332797008926555,19.077827174864257,4.864994270080889
2008,Bugesera,28.912316423085027,1.5846926215147328,38.351089147712614,11.929271622663569,5.166483490486622,12.469760450492979,4.130994280789574
2008,Ngoma,18.75971338662382,6.995110835634684,33.96312746205851,14.872224663531487,13.052610570265653,2.607485810895388,6.4661576848606135
2008,Kirehe,34.33709516469933,5.147193701612798,78.9136917357308,16.188591703920693,12.798045587170979,10.125321984983469,4.956294865362535
2008,Rulindo,11.636137419568643,2.6638292273303645,53.73820077592978,3.6100308345192618,8.921627329298305,15.877436212415116,11.141615849459063
2008,Gakenke,33.059099208102666,2.4278415551110673,41.31139996997959,4.69941617439458,16.42403331628108,4.010914960020299,9.865997417699752
2008,Musanze,48.977343140558695,5.061180177647157,25.482427582796518,3.271054958485008,2.5867149872016366,3.3746265648892146,9.84393121704025
2008,Burera,49.40333541661107,5.503152494117835,49.549323249179224,10.248393285298226,13.214714085400752,5.4755622160928885,13.103953495905934
2008,Gicumbi,27.31597371799056,5.138606176097528,78.33165960133438,10.368389455601562,9.320410128253958,15.392261003004938,7.0838133186777545
2008,Kamonyi,19.910750071988886,1.4205621337047303,33.31918216038147,12.980984766821416,5.727522437573136,2.231814993095213,17.89042237941375
2008,Muhanga,30.6837868010757,3.17072674613938,42.4648128143848,11.640335809210653,14.699799978722904,11.259091439314371,9.327627921173871
2008,Ruhango,40.976523452038926,2.78204395374526,46.70391656023742,4.5393093466252825,13.605722541480855,6.060865880479576,14.766511616264594
2008,Nyanza,37.131387535898746,5.718010770158384,56.48074874356044,5.809753057056317,10.10067415156973,14.57341053939424,19.062313273768353
2008,Huye,23.438285268089263,5.314069015104107,39.888979306970064,9.750849403862427,14.359287991288639,10.644802866294416,15.096653524826198
2008,Nyamagabe,16.59393497491071,4.280805391258974,75.15941741274708,19.21595547056893,10.423636625016513,4.141707640081659,18.905457982477067
2008,Gisagara,39.57976364539713,5.694677876385144,79.23816729902936,12.432688391301497,7.222358059351494,5.9624476786698475,15.584467105701242
2008,Nyaruguru,7.813547518643122,8.46161290710004,59.24906192013975,17.89976113579677,2.8247773053662715,8.777818438555816,9.725215405226823
2008,Nyamasheke,30.079146372199176,8.582366414937262,52.70954686204642,4.184352368991974,14.010350557811798,10.91461506431611,12.718033238129532
2008,Rusizi,14.367952775933698,4.945044901354002,78.75358966604738,19.254843921052935,5.212920647740193,18.34006613979723,10.980381582515568
2008,Karongi,37.7475240732451,4.648227547357499,45.52919550928203,5.139911958774431,4.753025339083272,11.111693732373748,3.0663125985668307
2008,Ngororero,41.97433293867966,5.135307762966159,28.944106876530142,8.676361283065456,2.8984705682490186,11.394238638798804,13.332891419783277
2008,Rutsiro,36.473679378992585,4.104100946694964,25.677485929325954,16.658852143932215,7.179126625122326,4.354885940872648,19.90554488443673
2008,Rubavu,16.491989964028534,2.945689385349736,32.05412000375677,19.53983004214572,11.674654844995906,10.772045468982974,4.434623438171372
2008,Nyabihu,7.994721747087965,8.977272861977237,56.81258951988306,10.88893135935112,14.332437859369527,14.33715640910406,14.822289084177962
2009,Nyarugenge,43.254408806225825,8.369365543576201,30.962815746882114,18.963436843804743,11.2392284968939,19.5403952388093,2.842327886140417
2009,Gasabo,13.187591866384626,8.052171643122215,57.21067064707495,14.53467739789613,6.056157896037961,13.691272628788976,4.763648583945092
2009,Kicukiro,46.73956147273341,4.025166314900148,68.60273275116418,18.97041332521446,12.587192230322998,5.244778207401155,10.89096103235106
2009,Nyagatare,27.356734708112658,3.34477073626515,23.497524316952184,19.886401970438172,3.782207131801646,3.477522986366873,11.28812293217638
2009,Gatsibo,49.70996529548764,1.031391492926661,39.25921606876416,16.198578800905015,8.49408367066492,15.534366853525382,5.380525879519277
2009,Kayonza,9.865356703830226,1.894269892018997,77.00245075592669,16.822345414731657,13.429193718958675,12.91075404920408,12.59310077076889
2009,Rwamagana,39.284482388736585,3.680969387633823,73.87118247263149,15.43661951135558,14.210978793461305,18.206581109947958,19.6864190931376
2009,Bugesera,8.128641742839672,1.563831980785943,77.74139830984845,6.063262406720705,17.254872061852062,8.953841572445196,5.3322136008376315
2009,Ngoma,40.640585266821,4.389873205232159,77.3369887381896,10.353987039015953,16.421211903306297,7.973303592679943,10.008223240928572
2009,Kirehe,40.11630923673688,5.756110099802202,53.717878046678166,14.067494234104641,16.97084476978501,12.329218078859384,10.926562765707915
2009,Rulindo,41.01631214339662,1.8524874165149026,59.11825237082432,6.144603115379598,4.795366944348176,14.573277969989721,3.9102041760203416
2009,Gakenke,24.427505295493823,7.982375048834352,21.5631828394152,9.666399467151631,11.277088578695892,17.539754974811842,7.848684731349325
2009,Musanze,7.2256137021654245,6.659234455808789,47.136053948629645,15.18527754328306,4.591266311429164,8.698898971387383,12.28568160326532
2009,Burera,25.40126042556642,6.838546872673359,42.00715363535481,6.790726864631993,14.348684121538836,2.042508800949734,7.309337499318147
2009,Gicumbi,36.26779238855457,6.459056457662691,66.78818160377165,5.926412008423976,19.478370338154516,3.979014430388525,10.433782242982556
2009,Kamonyi,11.546435590654005,2.226202538595745,59.41614332446445,17.29833385453485,9.314517989649175,17.009165464955686,17.55566789967648
2009,Muhanga,22.073287968728962,3.697810803369502,45.472840855754725,10.354695477278343,11.047078933557987,6.116741409893949,15.56257252490443
2009,Ruhango,13.1070090329559,5.349361151743873,44.086633551161114,19.455097451702226,8.589053058183474,8.859230894176095,17.46056569875772
2009,Nyanza,40.50737618119518,2.24572992999598,48.038316880758195,17.021898173801034,13.383458424421743,16.58558950390335,11.16472605174806
2009,Huye,45.42649903613327,5.5607783355007605,32.284987784398076,8.150243265210964,11.929636053790897,15.00126402932772,9.406480580620745
2009,Nyamagabe,28.60671508234319,1.2145712156858488,47.91198970877892,2.0562121917613467,3.6418390813375687,7.797525583640259,10.851106744553487
2009,Gisagara,31.62618842975127,6.411853933600243,39.85799604810791,18.215475655909273,4.802312378702553,2.764153347659658,6.048303997959896
2009,Nyaruguru,22.32006946932374,4.116490232843162,79.53984296971117,14.778806962834546,9.716646016879356,15.828356057055254,13.762828644844712
2009,Nyamasheke,17.837342393585402,6.922747873097668,69.00569694306965,18.76525694643344,5.836964606321675,7.83505973708686,8.251216361136912
2009,Rusizi,15.536996653014182,7.782567771309247,65.04294109438007,13.264483450876172,15.682934087470612,17.890865987479945,3.623343137203662
2009,Karongi,12.689360734008641,9.332565738464863,25.075906177772346,2.976589816669584,18.122236269055488,13.421537646781141,8.255183628294134
2009,Ngororero,33.24587529108754,5.157537513804115,46.298420837751564,2.6441482065926385,12.64270546576433,9.316257980347034,12.422289611314879
2009,Rutsiro,44.890781208685695,4.102143611701944,36.92793727592002,19.284497313190247,15.278108394699167,2.0763631048413824,17.915202735965746
2009,Rubavu,38.08011965841965,6.07972514824735,40.09810247310133,14.976719695893387,16.53573269801076,8.433431874047397,16.84852393286566
2009,Nyabihu,9.279041366043955,6.037534597361095,49.152739021378665,15.936647321154622,6.517273928641371,19.52121877719533,16.405857034624642
2010,Nyarugenge,49.289289651862155,7.174731625166752,56.796987707291805,9.06679478933001,8.18561496859297,9.273365687225883,19.31499430186511
2010,Gasabo,8.402487374093187,6.5141632908406555,63.61291734876777,5.223777571281015,19.191734113209876,19.346696951817027,11.337192659778975
2010,Kicukiro,31.280679284244812,3.0167231826456753,72.59362166736264,6.722924502909937,3.613779240061774,4.082012987876123,5.559073595981418
2010,Nyagatare,5.3218049932240294,6.3326787188283875,64.82359832228796,16.373289731747953,5.6343561645135996,16.705185395482097,16.54960137886428
2010,Gatsibo,18.968689842409386,8.244674338519298,29.324648267297484,19.373124469621818,2.5180157810690837,2.269197651655462,8.802204174750564
2010,Kayonza,21.341902883788478,7.116977593936959,43.84054894153692,3.984653362164595,5.270972430345703,11.850264485961574,4.723383967714465
2010,Rwamagana,31.97892219048599,8.44543079057075,41.290472378844946,5.909630466669115,16.893528541290337,10.101496611301629,3.3815060607513825
2010,Bugesera,34.00051149446158,4.368576913106032,73.68776766930077,19.400669565307577,7.261037433599357,4.7748399224998925,19.764576889572187
2010,Ngoma,10.796424540384269,5.845279251523877,61.54526069711301,9.983535203715757,5.274061488131078,10.962189750172554,9.062181662498048
2010,Kirehe,5.683754743685732,8.486504366716641,71.73326742112127,17.143371068558046,15.37841725115511,10.963190852825859,17.988014798479675
2010,Rulindo,41.98991247765486,4.420981203479254,22.01348934635317,18.418582989429932,9.09522254207456,10.891566414894054,11.605529997543387
2010,Gakenke,43.18618870346574,5.101208544884571,26.44623763497227,15.406009975281995,8.903302626249765,10.512461845706989,12.248620352202297
2010,Musanze,48.06605533015888,9.648014853029498,67.54994283623591,4.879445894956078,15.07333248435603,3.6674892628945424,13.19558227185477
2010,Burera,46.65614010630651,5.545045650711043,34.31424792153993,4.902477829398228,11.081563383738606,11.426979816738417,4.243243045308177
2010,Gicumbi,41.79497934516011,4.733784736813218,58.34116999172075,17.15977413538499,19.199631471211635,14.132607132606363,8.493554960455423
2010,Kamonyi,29.166150628511616,3.21924025261806,54.59467765073116,18.011581000306,3.984469315186927,9.38791130061734,13.864215935867312
2010,Muhanga,24.859912046698895,5.07791197670399,79.53189935077623,15.589967521888864,16.41748189076182,7.992515251026266,19.480468751254822
2010,Ruhango,47.683878579599764,2.9059737481666374,53.799184863607856,17.090808385249606,7.68796747610218,17.998419705048605,17.52624213002214
2010,Nyanza,31.332181680125824,9.672108526787618,65.64737175967231,8.519942849094244,7.919193372768154,13.933308574165611,5.939151981866224
2010,Huye,18.70988749131004,3.42136632858679,47.936778755645385,13.38499657362669,9.701744572548787,5.231840732197212,5.644350281423133
2010,Nyamagabe,11.001363552576274,8.784135447387676,40.94431987374302,16.089541400207203,3.4378740337463323,18.876826172473304,19.044782750091116
2010,Gisagara,44.467493178948125,8.049826544344572,54.24435580343809,19.316674167924216,16.795831571980436,5.631547916718317,9.038303031156055
2010,Nyaruguru,49.769078068231,1.9264448154141487,74.7315077857076,4.7356505819128625,6.698301712870949,15.16517971754553,5.32709970998297
2010,Nyamasheke,30.077358037559232,1.0032024647670785,58.86820274557719,9.45871812241346,4.439841717516572,11.158865831279249,2.227931440149516
2010,Rusizi,23.469315542726054,8.542720450156878,55.281327181192246,13.723589788616835,6.197203032222833,15.621816549306736,6.306831248922249
2010,Karongi,40.167000906846106,5.948858239377117,78.87401609123248,6.662493800273979,9.406442859753312,9.573178647218509,14.097787974163777
2010,Ngororero,9.629122464380892,9.1330757674989,22.751702891900486,9.870334956898807,2.4765779785120157,2.5619225797455876,9.21170732527591
2010,Rutsiro,35.74417963689238,2.814382454219875,31.36785866274602,5.746463675274007,18.436471741643558,17.51786014412096,13.14682642589454
2010,Rubavu,42.74217029455119,1.126010495790327,35.09540715468812,4.678370280651926,2.9262072326875574,9.239608828807683,15.624508383532756
2010,Nyabihu,7.697991407982746,5.129863616828026,26.384861558930396,11.509022729202101,4.510242009025706,15.946542747576546,10.162857839204685
2011,Nyarugenge,8.268823294484063,8.037643001837816,51.04100719956075,2.0593422096893503,19.85036351361561,15.426170399894229,7.9128646893692665
2011,Gasabo,20.742653590549768,2.1827098972643384,50.38387704367546,10.703167357917428,16.056894042001154,13.812853646418256,13.786964635278556
2011,Kicukiro,47.69036788156997,9.980801224643239,33.18310279587287,18.550252991008545,18.662432334275795,3.649820202644794,16.403752428523653
2011,Nyagatare,29.00936520473089,2.3493189991430614,20.904436053521746,12.369529026444424,9.347719244033113,12.176741515082494,16.496290210138497
2011,Gatsibo,23.801317868640652,9.619761324147317,29.518808805073178,19.81519189465702,19.395001114882504,8.119084345710338,2.7879836062118954
2011,Kayonza,9.539995030046796,9.260923501267673,44.66751151879481,12.005364439523849,11.702976044813893,13.773509407723001,14.188496149772536
2011,Rwamagana,29.704796600767235,3.6828038865363224,77.74567114785782,14.180419380565295,4.853952182327854,5.017835496285089,14.712274558513542
2011,Bugesera,29.109239100140737,5.672980640215294,49.46273575286942,11.171466123251246,4.0190421392644256,2.9560073749974567,11.658267198541765
2011,Ngoma,41.15042489984491,5.00878643097358,44.97183611831992,13.781687715683255,19.2804025344938,14.523027431557033,11.003785695189116
2011,Kirehe,12.630369883518775,3.5749870982986587,32.99244277451976,3.3180090416895904,15.333251072379012,19.72978086897274,10.802760611581215
2011,Rulindo,11.119719309150263,8.20340472710955,37.130523638758014,11.138632335794327,17.45902745478278,3.655767107657994,16.563612951536662
2011,Gakenke,33.96101712456699,9.208139278864133,52.84819603916524,8.666953956605283,13.647338513083934,13.65781233012027,19.398581460257372
2011,Musanze,47.58970352964246,9.073427034598954,64.55754681637347,8.134830866038651,3.7693041622469714,4.182211975472959,7.454919430598009
2011,Burera,15.483166105128962,3.4060699446403233,20.630338221348072,16.834360545379994,14.632106661693301,4.776672229862657,7.396943415700569
2011,Gicumbi,38.79351751710454,4.497997726776541,28.075112322658036,8.305137388995298,17.242269178200136,16.364530833579515,2.482515000945999
2011,Kamonyi,26.961090050511878,1.2830030258053426,31.828166696420944,10.215843319450881,13.85214279935736,14.375905083833581,13.330287985154559
2011,Muhanga,49.4233924368772,3.5558733673142178,49.00198186875993,9.449822253646504,17.785163277092252,12.840829559153951,16.97341569663355
2011,Ruhango,24.93306995910475,5.951274288485426,33.69510635362677,2.904121572821057,6.854091090442532,5.104353489000312,9.792135970062679
2011,Nyanza,35.29239004599489,4.09916510767343,68.59185949916622,2.1122775367810736,15.958324566599417,15.32585325858668,6.195364533689014
2011,Huye,39.25498753372393,6.297216312700594,68.93474097504907,9.019106490222072,13.279071555924201,18.071448337386656,12.536895363605286
2011,Nyamagabe,14.852203829290225,3.3166606911665433,47.12474273885607,9.4263396409834,2.4680909560936692,6.963827303262978,7.457947079705654
2011,Gisagara,13.348833007680467,6.138912222945813,37.15184777957083,11.448244083887406,11.952022391620432,13.344967558144418,11.066573282399508
2011,Nyaruguru,14.055194494485526,6.367324234591203,28.198421248983564,16.963056864884344,2.6583653445656585,13.373011598652546,18.996106699266814
2011,Nyamasheke,33.82388759584258,7.997290740548335,74.50289254696176,11.458542603057298,5.796877139242511,12.214094950225213,16.802311535107826
2011,Rusizi,14.981874569470998,9.712899070266094,57.39705237991542,3.6950648311543484,10.66520618441483,10.79264471947375,6.976388049472176
2011,Karongi,43.316105866770314,6.347978558131961,39.16956721806988,14.484025132591949,16.093882499432898,9.544697466389536,15.58472165617513
2011,Ngororero,48.434711856446405,5.080984631426406,78.84261478040301,14.416081451457403,13.10097987584879,3.718144062597663,16.60708352467208
2011,Rutsiro,5.979036473971561,3.681853174409048,76.35606233493954,16.3392912553651,18.337916444750693,12.243228461900458,12.26885565973562
2011,Rubavu,28.837606691988977,4.7415646830793,60.815358630996684,17.85906938742162,19.485453069728496,9.263470127209793,2.751639878619552
2011,Nyabihu,30.179841023972298,8.709794609384925,70.06765321212227,4.976338092742892,15.155598438321759,13.143453957377645,10.869091070784847
2012,Nyarugenge,11.643060269725325,7.042871036389548,60.48628498140333,9.984484120055022,12.196836404619981,14.719322245044669,7.141810001904303
2012,Gasabo,19.21147349179949,7.061870658918785,78.2720397600127,19.772695687126607,10.286950730644332,18.77612989702625,12.912477262797319
2012,Kicukiro,42.30724485457097,4.102410260468104,53.374719856524834,14.208983892627266,7.165831872329733,16.492649994207298,11.953054901548857
2012,Nyagatare,19.48330872806683,7.6976877178366125,51.30917703606429,4.633497512186219,8.407182314726114,17.839051824197117,4.357615407353716
2012,Gatsibo,25.41516196275145,3.9366254857967866,40.34409175077685,14.237399473300698,15.312943455072165,9.987264152573157,4.116206128015468
2012,Kayonza,12.3258615572543,8.558500110676924,66.30608215212023,11.555808028519937,5.497865268543517,17.708026704414756,11.89506712049953
2012,Rwamagana,17.07151920120279,6.663350267637111,78.79379456753087,18.720884416542837,18.484581389303738,18.475372861543985,8.158359925963225
2012,Bugesera,42.79359727647108,3.9417995269902883,78.8419092338024,15.305722910623373,4.701266655601307,11.64571687603011,2.9368442859166697
2012,Ngoma,30.383913761082553,6.15868915803766,57.09047519565787,19.12473389855527,11.500385926492799,14.722635331701696,8.22931356350226
2012,Kirehe,17.11248519472951,4.874374099923264,57.324846699831866,5.913772628027702,7.015834284445685,19.550048791892365,16.833833030836793
2012,Rulindo,35.85161567680507,7.881998384868084,58.97603104728856,19.383747827445553,9.333509488135297,8.846111904813885,4.983262998249782
2012,Gakenke,34.839290540601446,4.374357698105891,54.80386948557089,14.331201607123287,18.266376826222736,11.21443133847025,5.838375151703594
2012,Musanze,35.42696132738149,5.042611395046602,38.41249429913055,10.153553189416494,4.932246399189408,15.110388677055441,18.98002172905188
2012,Burera,45.98818537072322,1.0496211831100664,68.15800735739157,9.986079266672977,7.198187136819893,4.606355471892494,14.068655504765895
2012,Gicumbi,23.66848347581484,5.91952961370861,58.970452726618674,13.023592193362454,15.529291141768423,18.299654625630524,17.84847270080774
2012,Kamonyi,5.936698667812606,5.715379092716976,76.38627575984984,10.312512658864375,13.320947717558639,15.923622630357077,18.861821052710955
2012,Muhanga,6.039411781026439,1.6839892026252123,20.433627991481195,13.429014407280984,14.25244836272488,9.903418094916614,15.495336755033302
2012,Ruhango,7.300356119362149,7.739301250725735,62.937788154407194,3.2256655442165796,12.028168854691732,3.952508846600214,19.91473534426302
2012,Nyanza,49.14339223334373,5.6810467499589725,65.65114997892023,9.385650795096605,3.5452485770334086,19.59627227874178,13.390627234035666
2012,Huye,35.680952451543575,7.002627914048027,64.9627860180199,13.327273191961194,2.2689003056158077,17.31825888162479,8.722581612908169
2012,Nyamagabe,24.724999888795615,7.939360649201566,69.42863472825925,7.4817892460018935,6.958457355895383,12.590422742573834,5.596254581355772
2012,Gisagara,47.09113251891291,3.956479102483563,32.506714325559464,2.8137861679478,3.5513380182855867,17.777872215145322,16.645112401867387
2012,Nyaruguru,5.029302545540696,1.4029609989535778,62.89154351632337,9.554139409261754,15.641409268680054,2.072646884857698,3.8829213155870526
2012,Nyamasheke,38.38634175600096,1.7704154417382192,20.57791521720378,18.568439745733148,18.219803956721346,6.471588718762054,8.053949016859583
2012,Rusizi,33.0522266634447,1.2369228731830468,31.601730574009657,17.549129603407284,7.416656689677332,9.962310099876287,19.85108110874296
2012,Karongi,39.53775389020067,4.603618174765611,28.902567645074498,8.833504061789984,10.653238846988362,9.24888210407817,15.99549162803079
2012,Ngororero,24.38665547197864,7.321782789542574,64.32901021606759,3.4278918610574243,12.51345285290402,16.159796667353255,8.845681982159975
2012,Rutsiro,46.40246003250309,7.004653001779775,36.50397242450015,2.8869194117512773,2.361969522746884,6.432361451787623,15.53946532827458
2012,Rubavu,18.807264388806146,7.844268726315983,39.32840055336177,7.067995577677342,10.54192185482532,6.361621101596585,13.773898159998136
2012,Nyabihu,17.64922046830761,9.318268146920984,29.380722380940465,16.346049224010606,8.847577631493902,11.317987673980525,10.734715747916843
2013,Nyarugenge,19.402583751272033,3.3520144735845476,23.9812890816231,17.82736737471958,7.968557624036007,18.60370212629517,8.541700368642825
2013,Gasabo,17.341870906934545,3.4393827962063943,52.79419764008243,7.054594751554388,6.2554926183607975,19.173514990377004,3.2301638664066403
2013,Kicukiro,49.63082720886546,4.717225566044602,31.756102731598233,11.569006547496473,4.460865998057257,2.0437200192789593,11.573503360610035
2013,Nyagatare,40.94762114026679,4.838317248699732,77.71037801658545,11.398731368825517,4.257932226238004,10.061974454444064,16.084760262213884
2013,Gatsibo,32.58957419059257,9.036366602990656,35.396238670874524,13.564395507359286,14.984840358565702,13.538160198950221,4.650760776959682
2013,Kayonza,48.79286494252225,9.44293694739722,21.318722563668558,18.05415550564584,5.525641973975053,17.929629839341093,5.068005852847364
2013,Rwamagana,38.91214653110774,4.815218149541998,54.319276617228816,9.827177972658838,5.006317606309697,17.970870621894193,5.689480366717254
2013,Bugesera,12.423223448349992,1.683820089565006,62.38656511968209,2.4428275093297893,9.402514144648773,15.009811100822441,10.261712305523076
2013,Ngoma,44.92219490182867,9.166186968617202,68.51592362238364,3.7681868174286324,5.1260984587032254,3.4189928613061094,8.294941713388766
2013,Kirehe,29.18760025481337,8.454859131856153,76.68757927206003,4.558955355134695,5.836449430813429,18.534016557065687,15.510023535086525
2013,Rulindo,35.94780498143899,2.307583538445239,33.19211601947617,3.830467333339561,8.065416975212024,15.730072536468064,15.261648976856964
2013,Gakenke,6.589484876669118,1.7011574349571799,35.570159212292076,6.052686043836676,17.10688966458689,3.18307417803828,9.135023137605451
2013,Musanze,38.91795603148401,7.651090503632345,76.786977415002,7.665965196541851,12.784023935761667,13.292960418901513,5.352143411514531
2013,Burera,40.46996940722919,6.000690305460295,28.52471261419236,10.07140514217793,5.5557529355454776,19.70587385407906,11.397501400699516
2013,Gicumbi,20.212755970703185,4.7280666995606655,33.99005110269847,11.921816280770196,17.33273889362171,12.646681243023878,18.41800830956095
2013,Kamonyi,39.90484809789869,7.791219190036838,27.100018240417008,18.22122803331319,16.365769333001623,5.506875278463847,15.976744068263244
2013,Muhanga,33.737227692020014,5.3325361228659425,46.92412089464611,9.57445302982144,7.849303792230122,3.0739637985630974,11.126647031591844
2013,Ruhango,24.892669694419336,2.938523143279305,35.79508180022811,9.943816423141298,12.842062938461035,5.064293861377345,19.677575796287954
2013,Nyanza,42.49887771016402,6.742724188630369,54.69267313940692,6.29577069463092,18.238023206104497,8.145597844494455,7.538331656222491
2013,Huye,18.941694337007867,3.4091458224196547,53.59753966834602,3.2163172273447413,6.368423231734123,13.566940625193094,18.69204351918406
2013,Nyamagabe,15.87134948540548,2.6371028423787948,79.19437010112198,5.015727973507902,13.594789650628565,18.563342875238074,7.380693901519004
2013,Gisagara,40.99745292284781,6.866364562494662,65.9914989549251,2.676263739825945,8.805478472753922,2.61331430488694,6.200162614532417
2013,Nyaruguru,25.849644836135862,3.9185892846572914,51.3656862769136,9.750982812197028,2.5747307216657136,6.802726502350161,12.742409456625989
2013,Nyamasheke,17.427663753467023,7.939643633863517,60.63123250223802,17.29958413850435,14.202141465170588,18.216291958947167,9.057284013918379
2013,Rusizi,46.43565401173587,2.038712051096615,57.631129574370945,16.950799360467393,8.837935193633594,5.6378819622946486,10.806069533602566
2013,Karongi,22.01732702675927,9.381685186888513,58.37168578627884,14.244315767542744,10.422308526557192,8.796083815993068,4.364546314026047
2013,Ngororero,44.831995290532554,2.227928390697924,50.09857971610614,18.6380582063287,9.480435951116572,3.9825744640335814,18.685608210571623
2013,Rutsiro,13.169267886234799,6.853093243969695,29.21052962524258,10.541420694660058,14.702646035956473,18.29845863011354,10.967535825335355
2013,Rubavu,20.87173447320885,4.50222610925716,41.286589464006425,8.950971658424685,15.937934293908366,10.165747984316,6.405277710924006
2013,Nyabihu,36.82481053324792,4.070395885744107,39.171551775448776,12.611628572857898,19.950941530742075,16.5630170445811,2.9308102555179216
2014,Nyarugenge,36.62483108278222,1.0307476163698412,33.35495172321119,11.339317552375725,9.700537299057665,15.461030670498388,13.350968749600868
2014,Gasabo,23.997087791254685,8.645802007621064,47.26645846858264,10.96304004357381,5.921117044121059,10.4108988847503,5.7904885380547135
2014,Kicukiro,27.290294547939503,4.392279808331827,69.19929870205281,8.879012897265458,11.10927319061549,11.291429838984676,16.79547849619237
2014,Nyagatare,10.53042690487784,6.256744388912551,42.831247849874906,9.276079736281694,7.178965821399518,9.761735930780606,6.131035772130309
2014,Gatsibo,15.188493718745798,2.952595262072451,64.50350706307373,11.936770559360413,14.817650619036533,7.634394221437459,7.507094712302459
2014,Kayonza,28.825554247084714,3.8117955611187457,62.18135992609343,19.78940110482077,16.200557178640135,19.820346178868547,11.333205177732307
2014,Rwamagana,32.110035705653246,7.19679671972414,77.57245439487406,9.167379101376127,3.418871069445311,9.596986550782697,14.197061088948638
2014,Bugesera,46.540012894448566,3.91610821714344,28.155370962843413,18.54175235392903,10.070122222167365,8.68389844916642,8.325632648599983
2014,Ngoma,31.897711282282593,5.982689397193923,66.25979473739024,12.456985969475149,11.476282551972869,5.7401990871651485,2.5573793456058715
2014,Kirehe,28.83380676218926,1.2040388648030793,78.46201622870912,15.485655141856178,8.931973167595133,10.42758989550998,3.6035071087033432
2014,Rulindo,8.745500017905155,5.483627162033011,57.69371477650691,11.719268733782744,12.054609742319146,6.538808475782222,18.96049348941177
2014,Gakenke,30.02744568011807,7.767118128337895,31.422708438329995,19.080021700162046,3.482120704465969,19.9041930286208,5.227918589142597
2014,Musanze,17.227042802441844,3.128809588553966,48.42236474979872,6.708886452879794,4.849185715428201,4.008586333265847,3.5205302854630247
2014,Burera,49.142213987147194,2.969908288833268,57.983299628709474,14.831258567952018,13.05936198894261,5.170149283305843,12.90910672505742
2014,Gicumbi,13.1645902286343,9.40690948055938,65.69071514744874,17.92564722892393,6.4913483101322775,2.2950936428309054,17.563045612230525
2014,Kamonyi,20.737301468006716,1.9732437452630687,70.10043075320272,7.29652650233135,16.01281914781704,12.49605096983538,9.319280344870789
2014,Muhanga,39.72796645369248,1.7791492707629408,51.89131215251803,7.921067951109338,17.075961057604722,18.44618342526329,18.564511028530642
2014,Ruhango,39.221987426931,3.9204341544815726,76.5233030545262,7.965367754119364,4.721702243654761,19.28690552910379,4.487162106183191
2014,Nyanza,11.790321060870454,2.7813837541165323,49.08481990119175,10.404701991192438,11.554634915470832,11.629944594602039,17.273584126645474
2014,Huye,13.589905215275966,1.4753223395083586,30.431653120988496,3.5605703341208947,10.725398277553099,6.495911019737775,17.656028597344978
2014,Nyamagabe,40.76899514563646,4.124453754500281,70.10051412038682,9.720293628528236,16.852755972346998,7.303736186422448,7.552443173506302
2014,Gisagara,25.325077906695995,5.283772855805617,42.194059379731016,7.086372069098173,13.45095066764654,11.485848978257067,12.966214049822002
2014,Nyaruguru,19.335833140783507,3.277884108881206,71.00527834072804,12.333797541839262,11.74797177299168,19.066017367471467,17.7597915246482
2014,Nyamasheke,49.39003580394844,8.477032506615505,66.88558851345277,5.503296906499278,13.98135986443453,9.65307230794338,2.247420066805809
2014,Rusizi,44.424801852388306,3.017437421165595,39.288419298907215,9.356118339411768,2.341406764558422,16.005814440700117,13.639704347214181
2014,Karongi,41.970734707677565,3.793204424034899,24.137691821289312,8.945132698670395,5.2040966591932944,18.382272345865996,14.673433880118974
2014,Ngororero,20.80999475962882,6.691792732215213,59.698463359518826,16.269639756425367,12.804708398409474,15.980012644431241,2.2988667561382226
2014,Rutsiro,40.1162106406207,1.4486919824691955,52.316000493181,11.54012210500071,17.49403107319555,14.656980171029685,4.904654431207337
2014,Rubavu,45.22354451931658,2.2982233071638722,44.711418451446335,6.599963001224938,18.03605584733422,19.46040239209467,11.159866675233868
2014,Nyabihu,47.28221243344328,2.8824345144694083,43.83238325503752,10.968451337942229,16.131126048716354,2.4968492214860785,10.477571482521029
2015,Nyarugenge,13.843823854013888,7.243076815773947,77.21337359207463,6.981541517902825,8.995636355932085,9.405787078460754,8.639139212154653
2015,Gasabo,14.049211001042618,4.69607545039283,29.975756432283845,10.982167427962501,6.751806940633859,10.25852715982435,5.534833562873454
2015,Kicukiro,8.96779935021309,1.8446888947655973,24.23222443577523,2.5583219518523546,4.488083538506115,11.581609652286867,5.319636624778047
2015,Nyagatare,36.026705136129934,3.5830592451324663,71.84140909297298,4.557804278353382,2.7600032187210024,10.361445646433754,3.17068943140536
2015,Gatsibo,35.74508668822064,4.323222976581912,62.43748787359232,19.991628434783202,18.754147333280883,19.034965617304803,10.807949745952351
2015,Kayonza,15.246706780758917,1.774293299610786,37.49704821566094,5.751346339743138,2.970872985286933,6.613464936580886,9.985822341750225
2015,Rwamagana,29.97467172443948,5.649664243262833,69.93964949876826,18.35359928444103,2.663851106476311,3.610165356470668,17.74756158661817
2015,Bugesera,47.96553415168641,1.3898150781771486,66.04436194632137,18.76180660942791,5.596130987080881,8.748930036645943,11.563458371146922
2015,Ngoma,13.441932341200031,5.190207487354757,26.709346176116888,5.721469354487438,6.876269973570208,7.770046640525862,8.360318396606969
2015,Kirehe,11.220302553439183,8.833376959609367,77.20648862063558,3.72035592560026,19.843769543410513,14.654304619448103,10.043842743935205
2015,Rulindo,14.059291606148314,8.606806600589417,68.94501793747071,16.610516927397775,12.36789393472508,15.665876724902509,9.877859075030026
2015,Gakenke,13.220954617962702,7.670263181185514,36.467073113761636,4.538765025194835,16.580057823662223,17.227950870348938,11.665062724536302
2015,Musanze,37.00997840155867,2.230841114712836,71.77800564164883,9.693747389370166,9.490565166807551,10.114732544505907,8.982056195375105
2015,Burera,28.432400146048128,4.820760861104517,60.108440195610825,16.57557579931983,10.067537751250946,14.644590959472154,2.358135823700534
2015,Gicumbi,44.312091394893784,8.282750221573535,53.079107043089515,2.2129225341990866,18.0757176132868,9.441868037258777,14.811110040769826
2015,Kamonyi,25.68051838811956,7.081258410980915,50.840889254040846,14.208748829977326,11.639991317561377,8.464356025277297,16.27715866315174
2015,Muhanga,22.54695318386111,4.981327126470569,34.993169051743834,6.484794083269771,13.956797727366547,16.000703769825474,13.438233446156513
2015,Ruhango,47.3884015053318,9.769463964486464,73.54551325724536,6.33490419496105,6.35656361861457,5.051979627598193,15.544720355613
2015,Nyanza,12.230099476621278,1.4799506150002584,64.1802383346872,14.729565509104265,2.5583570254974526,8.833988468458209,11.199266038824451
2015,Huye,29.522587408369464,3.082029218756286,31.18217888434318,4.318634701048261,4.544217868910718,4.1191821261678605,15.167596195766016
2015,Nyamagabe,40.21025186500868,2.6037737907742544,35.34543319136228,4.294898753594754,2.025039490660066,14.534506353266355,12.636147994306846
2015,Gisagara,28.361138036776875,5.600472008935686,70.15314859568505,9.609567221106888,18.52439891862865,14.397496263919816,8.29217698700483
2015,Nyaruguru,38.8598511446575,3.5663043080960217,67.55657611896011,10.356879452387467,7.6891362116506485,16.030122759381825,10.332225777351326
2015,Nyamasheke,19.63294455328335,1.3706339575479654,73.00946888032095,18.674509618904658,9.159000665032998,18.655065811927216,2.0594005386674743
2015,Rusizi,14.315190019610705,8.281420479747336,52.95106269753615,10.244950346221321,5.853852866662165,15.384366538934122,13.7519221457367
2015,Karongi,19.183421378521714,5.916119524054983,65.62184568427682,14.077975166057405,17.522172115849333,16.535152774282167,3.6225522120194116
2015,Ngororero,48.1279115848762,5.936845878861958,77.03947699876048,13.664663110237301,17.514014145201564,5.13831794934447,12.979289207516738
2015,Rutsiro,38.5453907982691,7.917704379355531,62.339619713604705,6.560486170235033,19.738883492043904,18.54977220323427,7.7702417463280264
2015,Rubavu,47.26552361465003,9.141282507918477,67.76135436400733,12.351876222866348,6.3847110991754965,11.38441883201524,3.7566452100800167
2015,Nyabihu,13.09844621522332,6.329447595734005,30.060415673402044,8.784855098529807,17.24072634371236,9.037857549138241,6.215103635212946
2016,Nyarugenge,9.352113591922386,3.931277858136635,61.13758378473952,14.680279314274545,16.170541924281068,5.3240454078350155,14.645149733088726
2016,Gasabo,42.80209249939494,7.557895354229869,29.255890048474846,12.094997040485612,3.0244632788166053,16.92198190546783,8.238525698688793
2016,Kicukiro,14.036629368589214,1.632630409292138,37.117333611528096,18.547754931611898,11.117512154778106,4.589275519118533,7.828342095531022
2016,Nyagatare,6.786540812136819,3.8531006109317865,59.25317172634464,13.50470521376529,6.925438125726703,11.393804289838819,6.622287759029936
2016,Gatsibo,15.351186766737701,3.08939167604947,55.145064954822054,14.425943425923034,16.285650711927715,12.115168766659027,10.083701784284544
2016,Kayonza,41.997439246358006,4.620241004872512,63.808882818766115,13.602932165182967,5.215959665200302,16.162908314657344,14.151862123488499
2016,Rwamagana,27.00512378405194,7.085326951641339,75.89807280391,11.970906494867647,9.807024725942824,13.20823104658633,11.443110712297347
2016,Bugesera,37.14521142312853,5.32293680456066,47.69563193430962,14.728521886279687,4.181961239029751,19.922659149238587,14.570169202748946
2016,Ngoma,43.22505285154579,2.7963861039835356,32.984691203150234,13.953734056154271,8.836116183020486,12.439915856986445,13.750342137354252
2016,Kirehe,35.910481062698096,3.9888801301158754,66.30877419738815,15.528091422752613,16.129541024584427,18.126532677881556,17.91976022094648
2016,Rulindo,48.90000798300439,6.898453910209505,67.93234787350909,10.984182768959315,9.398182963957447,16.289424774944596,18.148264308725633
2016,Gakenke,32.94131482364837,3.2083474080086916,26.97456681845526,11.247452363737054,15.818813987666555,5.055747301659096,3.05002608597554
2016,Musanze,9.867338398487508,3.3418159181882126,48.69760094866055,12.683686231927805,7.35459367050091,8.789564200818882,12.021433111824475
2016,Burera,10.750308954267728,6.979559220646649,70.14260604212265,2.3390487117582297,8.462755527818647,11.083952814503556,15.958764557740427
2016,Gicumbi,37.34119165560993,5.522242569590393,44.61220028051957,7.371169016167441,13.69646565296521,3.1853671604326066,7.605866466741303
2016,Kamonyi,23.123470734700796,4.841285560150447,76.97799672412636,10.617981367348897,10.146232254534036,19.95964108075472,11.624024446025185
2016,Muhanga,39.355439924234574,3.2767874868902354,28.679163667739605,13.150321560280112,18.168674308157243,16.61570830998128,5.77530120022766
2016,Ruhango,9.140018972967061,8.100805222675097,66.78802051748866,9.434494688812977,3.3048775963270245,16.742589062596043,7.318478675779897
2016,Nyanza,24.807642172067766,8.700621648245,57.74775527752129,12.139155072973448,11.553326845360212,8.42130980255416,18.89592010841387
2016,Huye,32.09590686560515,4.1247140698962905,67.34274924265937,7.842101797828605,12.0692896035262,17.153228098542783,2.0226437998557985
2016,Nyamagabe,20.550601519509474,4.453860030992958,42.212320505111265,16.547557609729132,13.04061297327132,8.835163057551362,13.36875747841858
2016,Gisagara,22.36010267812654,3.380248050602123,35.075193912618744,16.462592247559595,18.118660739923143,10.866708124003598,4.310164489090328
2016,Nyaruguru,42.546556049155924,4.293018086980617,31.00254914570942,15.21634081632778,16.77042891360804,11.79786211764769,12.07471682323738
2016,Nyamasheke,38.61435723422615,9.191013317607927,49.5834804803864,9.330451508537951,8.447962029524817,10.616788997765736,7.479471796870056
2016,Rusizi,20.05673217245065,3.5841271272030544,67.45474286407475,13.734691439255725,13.927760518031997,12.64834408852074,19.668425102666546
2016,Karongi,49.992822992274405,1.6754111928253228,75.44114904374703,14.604805907181431,13.363836659555291,3.9049712926992237,13.056370265559067
2016,Ngororero,29.09933063755383,3.6164920139874708,37.482083056659846,7.182181541362021,6.256654867870523,10.148036287095486,5.31022457532973
2016,Rutsiro,37.40794015068108,1.0693835748514826,21.821511178459893,12.721553157021694,7.45554515610025,14.563793613514692,13.332755429990392
2016,Rubavu,21.682547566195332,5.995391947959944,79.4294867101741,6.94467074977441,15.12311182460537,15.720579111711897,14.390528140248
2016,Nyabihu,15.073720592103914,8.229537188754447,22.996195074976896,13.600009665734877,10.619839934313855,14.825651182657493,17.365986283895857
2017,Nyarugenge,11.226685656261568,2.7483197574717004,69.28593058842378,15.867444261982936,17.53280782175981,14.748149776884427,10.795507477575244
2017,Gasabo,5.41199153303796,9.238636282273664,52.8330090412218,19.2709486691536,17.297218032582148,10.584119881585199,15.122141524866183
2017,Kicukiro,37.971422826389144,4.283392807787269,66.39165724633435,14.154488261716766,9.423508321796136,2.271218720189027,19.867109494822287
2017,Nyagatare,10.263269666980886,4.948201424174217,74.58068021467913,18.948517019188504,10.988345029265822,7.508458979782815,7.265532422704964
2017,Gatsibo,16.69697134892332,5.688822716756079,47.583032539036125,7.087335012017812,5.069324205498939,9.011697740907115,2.3838297746889827
2017,Kayonza,34.92770803590636,5.953719964105837,31.703933951423167,19.35244764953072,5.87745391733075,6.576882042896414,7.428993778498407
2017,Rwamagana,15.23373535894839,7.549223568018236,57.165379741388605,10.312554895401988,10.42796093620342,5.8188488460292795,7.283366309177692
2017,Bugesera,38.081787055108265,4.8529779813814065,29.163062112733535,9.230414487968353,5.157605478567734,17.29688748704239,14.862489045986319
2017,Ngoma,19.102316961031434,2.111352656633272,71.63068035701812,2.639875015609255,18.11052206288416,9.155973110728151,12.524608207995477
2017,Kirehe,35.89719476567106,4.57577210358647,77.5310567645929,17.31579316038404,15.089493810758796,9.857409877951284,12.283224776646444
2017,Rulindo,39.385151327974846,8.917906679426546,79.9100104203566,9.063725238256119,10.571089277885916,14.173831816177255,2.118026942437293
2017,Gakenke,9.110409124841592,5.362243803036029,69.75387528385163,13.790064970945268,13.843137485479463,8.315822273468067,15.390987069043586
2017,Musanze,17.752060377363502,4.1866302748255935,20.985605218489816,5.958481018387886,3.0170469803932978,8.279488438097376,15.85393484248722
2017,Burera,21.041450197660694,9.51311592904166,75.16831381061945,12.338863918657479,13.402270105174978,9.710628667044627,2.9724409748871907
2017,Gicumbi,40.10593949850449,3.9963306279046718,60.27134311275555,9.282884514505856,14.938521629499792,11.815178234434242,2.6991481477788737
2017,Kamonyi,12.708291704343587,8.454472714954536,49.144608233816555,17.438561063598627,15.204965216620076,16.19090712611665,10.416802389931787
2017,Muhanga,48.07462440004187,3.3133067452396716,57.05155749769108,11.473350527942818,10.228067448799948,3.8226911251987348,19.251455615407902
2017,Ruhango,9.351031825994262,6.0568174058355275,59.16566866200342,16.5061142503331,10.105447550262678,18.945298843366714,9.927839897554504
2017,Nyanza,49.23581415782325,6.560130690968304,25.18647489740533,11.036080792865677,13.408558347504393,14.552159265274208,17.729312261570442
2017,Huye,36.37100260508598,3.112032230026292,37.857944566417316,19.271428917462366,16.996147845939873,11.46565853270126,3.785067509793852
2017,Nyamagabe,17.046688547815563,2.1437819160881433,60.043383950006564,16.031475769669143,17.171599054576653,17.70638984120506,18.91347144210188
2017,Gisagara,25.035855257703417,7.215134338949079,65.4156365456044,17.41040062199232,6.519371877082243,6.364285838803885,8.514268442443818
2017,Nyaruguru,32.475924875013405,7.4556243613238,56.082539854277684,19.245716949719196,2.84009320022611,15.243604817682892,4.423637286954346
2017,Nyamasheke,6.864430360641105,3.4302738587415873,62.53329019329157,2.049833006948153,17.37046196483911,4.081196425158892,16.834742515243768
2017,Rusizi,16.17704045051717,2.497892486074272,26.811510219215364,11.82730690495141,17.351333271954182,19.86256649841626,13.367179381645686
2017,Karongi,15.197142667561556,7.142825837246919,74.3516408517721,13.273048405820742,2.723938342247875,2.363545423854689,16.28935191874426
2017,Ngororero,26.42032553862764,1.0058234004477715,42.35620991909959,13.422736293061392,5.366093189026894,9.114190326172192,7.715420596174573
2017,Rutsiro,28.905420027017318,6.141013304104625,23.172059034711317,4.330537789747945,6.2991137177018794,2.044140762463967,12.639284780923015
2017,Rubavu,14.199436072032851,6.770061991889746,44.610427812302504,18.72488528640656,9.097584075878203,4.196223353564104,2.4327431507755675
2017,Nyabihu,9.63296931706159,5.410598090812797,24.659929673438832,18.00164968127516,15.116000921162275,19.89195897736534,5.71280623438329
2018,Nyarugenge,24.538188400759648,6.949431862677843,74.45954208942615,8.869728064278917,2.644536061382224,7.052198636129244,4.771855163369825
2018,Gasabo,15.80003780004932,5.414164256728789,44.524867558826585,19.143795082793638,14.174641424693231,11.50154157335396,6.854130237165813
2018,Kicukiro,37.2755425681951,2.4252140959001314,41.86970245139395,18.960867077245503,18.49152978899121,3.722822920134152,2.1490731097302627
2018,Nyagatare,48.53995414670472,3.635958105919622,29.869130397200614,5.299198189296336,12.959289775719986,12.899247967554704,2.8166343932720603
2018,Gatsibo,14.138320006506817,1.1515827933123601,35.31809459154008,7.521809223679216,19.175324100554565,4.882136689589187,3.5758098250936943
2018,Kayonza,48.1296402994463,6.27840364484332,39.89954430567789,7.155070751346518,13.260188764453176,19.529052875418007,8.850433321084157
2018,Rwamagana,41.78002044080397,2.3975885844483185,41.89715481837321,8.944455459058275,19.39008491712537,5.997993133564113,13.151568812055636
2018,Bugesera,32.34041841340964,4.473732443235456,33.231827181832024,7.1042576415575365,14.97508359032784,10.10190428657025,6.01120605695092
2018,Ngoma,27.126807027245558,1.506949280280154,46.80974652331716,13.358168850570937,15.416848529645483,11.981692957794715,17.966883070834673
2018,Kirehe,38.202979087269625,5.806634734378222,71.53667828907112,14.452108371040966,8.568058799976903,3.4787671017053494,4.164731562722457
2018,Rulindo,28.777015122708125,1.5717932891645277,60.07644433686518,3.4562675266804685,19.493980872092276,18.258187071230918,17.028165270349007
2018,Gakenke,25.12423362014476,7.4810263195327495,75.58745261493407,17.81630126547225,5.501563414138886,15.861056942191592,14.523520931003032
2018,Musanze,22.36380810591388,1.0407983108153873,42.482823635059155,17.672421328128202,8.878042866072942,10.438140698734232,16.70271192566691
2018,Burera,30.852746091462983,3.639329509879582,55.39367884556324,18.86244039007457,12.068204443283541,18.01867427034224,2.957581446794934
2018,Gicumbi,49.913903224200816,1.929218503949411,77.8130796357384,7.413934663306761,7.670393156060628,18.34974349874366,13.926631011081897
2018,Kamonyi,37.40369161465063,7.840571079554358,27.670095931458018,5.977364295686914,7.838003841110976,11.615745051564888,19.830516808282663
2018,Muhanga,43.5891439212424,3.7382856043934676,27.579566522436394,15.36974701186145,11.091471571211535,15.72685485862544,16.015161683925932
2018,Ruhango,44.85804735733157,9.447076031254898,32.33007723626133,17.628099531299263,11.218806221530624,14.327787020498242,5.113926683017522
2018,Nyanza,40.73563446441725,8.642565682525172,29.796872492965065,13.144907253783794,11.76815865338414,10.403571084603211,10.845950980608333
2018,Huye,9.735310685734074,9.887635158534287,70.23604017401297,4.227799902622008,7.9771463715999404,16.767439257463277,3.198639929693872
2018,Nyamagabe,39.452155782736966,6.521503727862167,49.327106698573026,18.153476260875525,11.393276844927259,19.407389765135473,2.189679721295428
2018,Gisagara,15.502520866872588,6.428317509686758,41.65176654120326,9.742768472533102,6.19653021458026,9.979775250788595,4.4459864070989585
2018,Nyaruguru,11.302395239115825,3.540768029582766,34.79808769947347,4.840219006720774,7.121009062645838,6.157543865242497,9.918230744453517
2018,Nyamasheke,21.882385745581807,4.640626015137741,52.693407565652585,9.880505011642004,4.717470473682249,2.9713783482206697,3.8680452968210335
2018,Rusizi,35.26735529367784,1.4126019041345863,33.64938308446183,5.741597104236824,2.254903406832158,3.6698915158209475,6.699363066942123
2018,Karongi,48.680354526973105,3.819277536905392,41.71832674037786,3.118906065705402,5.192341211143512,2.335912241568323,17.37809630418552
2018,Ngororero,30.83111200825494,5.806715952185954,56.399591349917415,18.12490746678133,10.49453770588594,3.5096322389007923,5.282009457760937
2018,Rutsiro,10.516601857217474,5.670078965927735,74.87971168856622,17.819974522409442,13.933723765225018,15.451033039177647,18.85764396688615
2018,Rubavu,28.746753519658867,3.7383990088673364,51.14742176528578,6.095477695787901,18.39592828145915,15.804215762679847,8.160883567230655
2018,Nyabihu,20.764849779711213,7.459014852311865,50.02743813624657,10.645266997858885,8.47370354738598,11.386334107988413,9.26055721879514
2019,Nyarugenge,28.09021019634136,7.047351952967064,67.17042170022954,14.734626948241509,13.46622557644467,6.45401939223777,4.29051831885764
2019,Gasabo,18.502192611792,8.547664102843274,53.79676470017579,2.8240807427277463,7.7877041233061455,14.396031630140245,18.195492485232634
2019,Kicukiro,21.52578418633849,1.3262439712976397,44.00310579932779,9.284733364191881,2.8052882233480063,19.9261497746202,12.124295074611446
2019,Nyagatare,22.49369780098356,7.596620114738016,55.26756809648576,9.491244098730276,17.492781261850052,15.629928197371491,2.8537116080631257
2019,Gatsibo,13.1246357280154,8.896643366929023,46.00156315357073,4.694889085710637,12.79792037873181,6.132887470245038,15.020124035570504
2019,Kayonza,18.279432905452552,6.54529529849509,43.16993912522201,18.21526891931507,8.076037707927192,4.15357213537583,6.977775197964827
2019,Rwamagana,34.249645401612995,4.589735050836053,43.739589967999216,2.0543706887278472,4.802795371811638,16.30890505227294,15.300094628022459
2019,Bugesera,10.112013061620841,6.278129602040208,20.91175394564553,14.853951354639163,6.636279109984838,18.674730879364024,15.621178344926529
2019,Ngoma,26.441680676650556,3.4570947806444723,53.758057866386956,12.48358995576952,17.800167014877193,11.2124299374651,19.77399255723534
2019,Kirehe,31.09692458319282,7.7649086043132804,22.391622854835006,5.488258723820301,10.817747822233768,5.5262534785108794,19.077418320199545
2019,Rulindo,38.15469269708566,7.5056877746284405,49.69601340448561,19.656897125769678,16.687164863683094,17.48069462008088,15.47754803453534
2019,Gakenke,14.046524168584366,8.593606652006754,35.520268509310704,3.3200175013030013,16.85576678819865,11.780287502798279,5.873471135752806
2019,Musanze,17.185624492162823,6.146941246736922,71.65206203260504,8.000005460310074,10.695484241040164,15.212682555597882,8.504459747555568
2019,Burera,37.16988880443429,3.480807549471617,71.63151707382124,15.742097145405069,3.3381226743918395,9.974445112625071,5.42196283514522
2019,Gicumbi,26.260149322495263,1.7824467477560808,49.055564226213,17.59467109553917,15.13539925134565,13.509903785101912,11.445693647547538
2019,Kamonyi,31.2978695974491,9.736268153744664,26.942819189394626,12.24053125359092,13.09515422021849,2.100413428356789,19.792337056175104
2019,Muhanga,8.098444263440442,1.4214377858206402,45.532095309286554,16.865534454604454,11.029139237694666,9.290853413643767,13.164963570341445
2019,Ruhango,44.93801350578067,5.128000774782266,79.57274881668761,11.589333146884865,14.639640494644912,8.531430780981564,14.440127080833815
2019,Nyanza,27.969845203336885,7.645770542244287,50.06272861858609,11.451285175930563,18.76733496698586,16.062091135339,18.825169565799694
2019,Huye,25.17051082459105,9.16115899942258,77.28728161302365,18.08775738373409,8.85778005247787,7.442956133535218,9.648621840734002
2019,Nyamagabe,34.976023266865155,1.3981979824419442,79.04688762370324,7.205515166766043,2.663758426963077,19.673117670962334,7.778830886010262
2019,Gisagara,32.86107839197395,8.267655855313878,35.49679046479864,13.731149601802116,5.294904627986213,13.40162048186365,14.650972545760544
2019,Nyaruguru,42.518659782824614,5.239334091611498,79.97736236100857,6.392234075916392,12.827270731574398,3.226513733002986,14.864263993413847
2019,Nyamasheke,20.18783858079304,4.5848423866006875,56.9353405204668,19.879630928090428,17.61145256812045,3.6735381285524875,17.816501341242628
2019,Rusizi,12.844720763344988,3.4284316798679835,54.4624047820438,14.007248032075134,11.285366805677551,3.1247194907122244,14.612802903367754
2019,Karongi,45.60454758929556,7.574740359740348,54.741429870959756,15.19498572096816,10.049186995380328,14.81796427137648,3.831758216216291
2019,Ngororero,46.892172915031594,7.700112019733319,57.30668948587652,12.772731501857052,17.93994827594034,13.153698983753111,9.385872300649595
2019,Rutsiro,22.523965153708613,1.780653335191809,37.10060624687971,11.974694607325803,7.141530323041148,15.634331752165055,18.617143370380656
2019,Rubavu,25.989155998154693,9.57679696227519,55.427558033785346,5.18956551337884,6.049560645261112,6.953456881810868,18.27014178357535
2019,Nyabihu,35.45092148644653,9.268153595847918,53.178636479016305,7.36942289724287,11.426597597668048,17.827720459883714,4.408700877647122
2020,Nyarugenge,12.641507974460193,8.637759594634735,32.63408714694723,17.093491644827672,5.373021971870558,16.012590759885313,12.895793395085237
2020,Gasabo,43.61998952616563,7.905866523607921,35.73713914296718,17.44110252978755,13.373689658243471,14.204007853960238,8.886764753321387
2020,Kicukiro,22.101751133649735,4.055481092717192,64.32118005808549,9.230982152107385,6.066408789563658,11.289378098973641,5.626583318282556
2020,Nyagatare,28.110365637816574,4.525409015784811,40.64400715902434,12.70809532545057,15.550462509210295,5.068641742301165,11.340003517250741
2020,Gatsibo,6.899029048421989,9.710056998147294,67.51753519322826,7.5036345987076345,5.050236597552545,15.530166146136661,16.95076552776485
2020,Kayonza,38.49349965690007,6.701713300495869,21.75051244921169,17.845456002681694,14.786264171677765,11.069446747999628,14.079944430999273
2020,Rwamagana,22.12822052154839,2.7880700921942565,24.00378503943273,18.694830687740403,8.128848522382786,11.652838178569262,19.50519282837918
2020,Bugesera,28.982904639930318,8.324704284428934,36.27810696398592,14.581093007376197,10.619154033803602,12.64591811484624,3.018685422575661
2020,Ngoma,9.0030577163818,1.8391114811513702,58.95641532850162,2.8648431547297317,9.167948356372527,8.020094285549135,5.730416524167798
2020,Kirehe,6.6160605956642815,7.60160700081354,25.16480912780223,2.963803390992194,3.7007623799878555,3.6858172372444407,13.317449673126747
2020,Rulindo,47.04722024502613,9.689239799289535,28.729362516652415,7.4741152125113475,3.098745780474645,12.951429895606132,3.5940455780760963
2020,Gakenke,33.243862397894056,9.50334534588313,29.019200274562046,8.419677863751968,2.684075863488462,8.883086553022709,2.5782002378750963
2020,Musanze,34.166878293460144,3.2068125887348975,71.1276730753105,15.503509662088627,12.059310837056728,18.41555759902084,3.949608413066784
2020,Burera,26.68214599120097,5.966952856793927,28.41807173340901,8.838726275766374,17.281641030330427,17.518042258482623,8.415098480439756
2020,Gicumbi,7.543965192193838,4.488357585032633,65.95522944270698,19.17627509859415,11.438677482183644,18.481776050095736,15.955877614933248
2020,Kamonyi,21.13372707609165,2.872954687553768,46.10169340636752,12.774957720307789,6.153847890927773,3.8683476019606484,19.60469915040669
2020,Muhanga,22.42757696959818,9.501784606108956,42.86767038886964,9.962298424374158,8.820129257642748,15.42890776273614,12.445626113967842
2020,Ruhango,47.57689389973033,7.660409348844041,39.53827341495568,2.3438488638999644,5.150442296408413,15.038678151570458,7.365284697200442
2020,Nyanza,5.6230549851438125,3.92779202742857,20.7666006759622,11.091587850433253,4.961434029024758,4.801833565613578,19.247655072383957
2020,Huye,28.58342956677626,2.5741885840768144,34.506029235319744,10.015320372936376,8.490380715303719,16.84122634610215,17.902023736155932
2020,Nyamagabe,31.16295576557826,1.3049470222040385,20.606644045715466,5.212873019217449,5.867307227320112,12.105515068176988,12.782362247413033
2020,Gisagara,11.745571775624342,9.210364350454041,51.44449624001684,7.3471738619409335,9.18685685412656,6.24942257046479,7.829319160075238
2020,Nyaruguru,12.025198178995753,7.1166450538753905,65.74409472039356,17.33688486656269,17.666675219201046,9.456654161824233,5.190417427832789
2020,Nyamasheke,10.773065602643308,3.609956969061411,67.59177544473633,12.691950830373884,10.969262830364546,12.815959386346554,17.846961257653483
2020,Rusizi,33.34080360628285,9.518691010041561,30.441664284547418,3.9532074458426587,18.722814634365076,18.748022919667168,18.601380780635587
2020,Karongi,19.52222830563234,2.728705831482775,61.96372893156534,19.308276804298004,4.297030277188037,13.684788252258214,3.11535682774518
2020,Ngororero,12.926251611802016,6.667798641236562,60.15851032330715,7.297905339322933,10.211876472798322,12.635382601139565,4.135716057456967
2020,Rutsiro,27.23202227990988,3.636890415552629,66.96797003265776,8.474219395733007,17.278595386864655,5.0610721125146885,18.333590737461975
2020,Rubavu,9.54020794484966,9.23418116955529,26.50887050641771,11.761254419313454,8.788216263732075,15.908622976827438,19.062294181506005
2020,Nyabihu,26.493719460779065,5.682150496426362,41.800183943758384,6.491536857455971,11.685913172313926,14.234454935122061,18.014075223236233
2021,Nyarugenge,31.858582578906763,3.654278608509638,56.001709353469145,5.083972359158954,8.4355450250887,2.332976989363683,17.21052931560672
2021,Gasabo,22.975334429415664,4.627907655521898,75.63341335922465,16.848670770052586,18.25038119352718,2.12689405275965,3.135266698152342
2021,Kicukiro,40.64489077587993,5.797079090194552,27.53906435749618,11.588615969584326,9.517004344597463,19.981699646421237,16.245615486918304
2021,Nyagatare,17.100171900175475,1.7816168411180007,52.647461463709924,3.6852367831404322,14.74350854094597,7.752842113524136,13.118734798842581
2021,Gatsibo,47.1519045767502,3.648390126721657,79.9599088166473,15.018070444977038,14.584109637035224,9.04302187923959,7.35307536875473
2021,Kayonza,23.799434989526137,7.29572522889909,44.24307866339308,5.019775319483775,5.499615555645619,19.88534819246936,17.505839135405363
2021,Rwamagana,39.568714047347285,3.268288296508601,75.05737999354649,19.166943309328264,5.443221294588216,6.456876248837591,5.746548216683758
2021,Bugesera,37.3137164758803,4.090610033481202,30.202251018370166,14.787094893968456,14.627174177637537,13.509743649593517,11.668292259799909
2021,Ngoma,16.197340966014977,8.431667414344926,60.8778416671388,7.46483172229044,14.524971384889863,15.344862788433225,14.810300262010694
2021,Kirehe,17.79675340237535,6.704406498542998,36.78097610964693,7.474926392608818,15.439108543843396,13.96110931946548,8.323382878158332
2021,Rulindo,37.839076732486625,2.5577926648810463,32.19074926865686,11.559753265978479,9.81127636074641,11.605619214451933,5.373643647965091
2021,Gakenke,21.23091379486105,2.838731886644979,49.80254637624934,9.718834121458514,13.797101445255372,8.962332289411105,5.675146330134712
2021,Musanze,6.940527219293677,8.94082457478126,38.90336463584164,11.689000665615746,11.187387444099128,13.584496778244425,14.271537721002073
2021,Burera,48.35869085997822,9.456591902396008,73.5730436459921,18.6728374475644,9.737919379605597,11.06474132631253,13.86205582629796
2021,Gicumbi,12.197357676449236,4.44773575670266,54.56935026231925,8.63547171566835,13.356974564345101,3.5240340715598357,3.6292351242405
2021,Kamonyi,21.373079181826295,8.7511905337168,77.06663126156474,2.0599622572854037,13.628901083001278,2.3305485701016098,6.225821094581954
2021,Muhanga,47.93615108562694,6.392737982950008,46.69349273187338,12.93546609640093,15.368395060770915,3.1848658902574223,10.886604272271855
2021,Ruhango,27.601052794721788,6.593952417009037,43.64540674098542,14.196029763314957,4.565048693744684,9.361290323516009,13.79699823206652
2021,Nyanza,7.27599173017753,2.186345287590027,37.774447949421756,9.405721886615524,5.155817935708433,6.034238368958227,14.802363198801848
2021,Huye,26.513281356288367,1.3745190818536055,48.65315693237163,7.771782610007115,8.778386414731795,6.948661610078732,14.417993076061851
2021,Nyamagabe,5.007352397963151,9.916487083913832,70.07489089991381,16.36690975346682,14.16930749736091,19.46434742647415,2.4005697651430045
2021,Gisagara,9.395226162776892,7.1551540035990735,24.06207969614447,5.769080657757848,16.46827687994702,6.38509353998659,15.144451109995904
2021,Nyaruguru,18.072165886830668,9.907316611941209,52.28558241051813,7.706586959940789,19.081378557053732,13.096371664743259,9.172177261156378
2021,Nyamasheke,36.685435987436264,4.120532392313003,67.84707216519297,5.563181009342865,13.148842430454886,17.537452119049753,2.6052564688620783
2021,Rusizi,43.04006851239621,1.381362871750238,43.98748213033576,14.673730224117833,4.489576617011879,2.5583367423743155,11.240184323161277
2021,Karongi,20.139873987236925,5.023012238350151,72.41090512471985,14.890340897944194,17.347439126828675,9.85093819263987,6.365763667093569
2021,Ngororero,15.23847823156221,2.942902966798555,43.17067342970781,16.24727246464575,7.650563420985453,13.993307016349068,4.075585798816338
2021,Rutsiro,42.47722944155327,1.5796228635947216,66.97817730975524,10.619332943357069,12.906383598021025,12.37921358561067,11.544426458200277
2021,Rubavu,7.842768467825278,2.8113524982474187,70.33465218397218,3.5267120794166464,11.085411630150531,13.46463768458624,18.360895933029802
2021,Nyabihu,7.6635187348384335,3.935253133186823,30.219486062860447,12.027591057021255,9.024925782611973,5.147790201224553,15.987819913748243
2022,Nyarugenge,33.525716765712744,2.773464715267954,65.7137907092835,14.850687527658385,11.057717175450051,5.948048619389048,11.442898721480168
2022,Gasabo,23.255686044747655,6.53235339798205,43.376036153971796,5.69574475404743,4.5880613085906985,14.031807852720794,17.93166000356494
2022,Kicukiro,46.24535069470732,7.640420032285146,75.43120503252536,12.86928552849775,6.994241057728257,18.307660555293552,5.392861901973705
2022,Nyagatare,14.274100477867272,2.424197855737681,67.51144817766077,18.416055584982963,13.643003303251598,16.020942254215644,7.2291577858245955
2022,Gatsibo,7.816269359031278,8.202851550031848,28.21651725323312,19.59089637887307,14.580743818767697,17.909174877480663,4.880763788319317
2022,Kayonza,47.549764499355724,5.1197187762345875,43.548037242710876,5.372380046502159,17.94156183213436,5.220502070496542,4.633187361166405
2022,Rwamagana,35.88709242606893,4.925374802879773,23.903881524880276,6.474404814124487,11.315520355224699,14.173716847787995,7.6546801165659035
2022,Bugesera,41.46992125067986,2.1795789152485603,56.667553512196356,2.1385250259420285,13.521899843359714,13.23331461383532,9.454334981915444
2022,Ngoma,6.353095427827826,6.170656604278191,72.24697037058885,10.471642065476354,12.249710953860603,13.4960870755989,13.21251842254666
2022,Kirehe,39.636828680821495,8.91531069766382,77.42066921113022,5.995758593952903,12.395272118876782,6.757004391802219,11.43150480120515
2022,Rulindo,16.102565465346395,7.0073616681610735,32.892369716511524,2.9392552407304717,2.7136535738781924,9.505063534618671,15.91953473633721
2022,Gakenke,6.340378423550222,2.117716987476787,40.09569321545151,10.268299682117668,2.0605183537095506,3.551581682881527,9.461659415398175
2022,Musanze,32.28355041117595,8.780379485504609,52.46840050368033,19.464421081866316,4.203393701028056,12.425307820975943,8.897706003589231
2022,Burera,18.572764634972312,8.944196150900169,53.33491880036681,4.079464435057879,14.412270602851905,15.149626594428666,3.631020249434984
2022,Gicumbi,8.47755820918752,7.488777777976144,22.362896248466882,13.659936471759336,14.189310137036163,2.427445521069328,8.65028203369079
2022,Kamonyi,25.880312114134515,4.250123105106105,23.351580666423754,2.7501908444108736,13.742548269388308,9.260139387110115,9.841222038915326
2022,Muhanga,39.68934258389649,3.909059819169751,35.70029004978599,17.229509734647124,8.408734157058241,3.601426042257346,3.5599136846551227
2022,Ruhango,47.54008111377298,8.517309125705294,44.07369018886954,19.420955171556425,3.6199521753471156,13.978193997070637,7.267211368254926
2022,Nyanza,15.533922462375834,9.144448860532725,32.60562644155897,6.940988310491968,9.034936058720847,12.740455002976395,13.942991749234329
2022,Huye,29.156962660982575,9.030117279191177,36.542523153481596,13.219034531366336,3.597908008442955,18.10456291409545,12.868644537121114
2022,Nyamagabe,16.70511866844545,5.129574392647436,45.69059367334241,8.248528541220676,16.592068485861766,18.23101260572009,8.150460144551234
2022,Gisagara,27.768918942802156,9.891022801693303,21.18107600800105,15.627291140123384,15.790904831116485,19.994316441251655,13.510920513116599
2022,Nyaruguru,46.591241790902295,5.253726881010901,36.12766264207409,19.92161590559123,5.7286780325503575,19.74432309486641,12.326684862094625
2022,Nyamasheke,41.2842095067205,5.613346469095568,48.33226418655158,3.4364525469740475,10.473307667479578,18.37406538863145,3.929153782895913
2022,Rusizi,25.394009129605905,8.807648913649409,76.67794242612439,6.884628599813349,6.698912064887721,11.70099029915321,15.133297930270505
2022,Karongi,47.466381758114714,5.3529541376486645,36.325918909449584,9.883978533430659,2.991308753877986,13.454488864790044,18.42529828082447
2022,Ngororero,19.10368405272318,6.875811429456751,67.91164858362413,16.551591201680147,8.705457045148371,17.88811573744808,12.041766771594341
2022,Rutsiro,7.621234895356015,3.428275091427725,57.88087652365929,4.783385049249951,15.558030091988611,16.51215145207975,10.87894058142158
2022,Rubavu,41.1514386292836,5.721696346941211,77.05202349762521,14.743400692648152,12.156980794532766,6.506804856787477,19.874204147247355
2022,Nyabihu,28.231762098031773,7.774579052379612,79.63666554071071,8.491131121062727,12.084385899396425,10.568625258206485,14.992156135905143
2023,Nyarugenge,35.91514653162268,7.395549773447125,68.46900511150037,6.257727150994899,19.71245698402025,12.756118337721233,15.614524444260564
2023,Gasabo,37.6007484121058,5.297704832406064,37.067478828508264,12.056333476322594,6.688214978181929,17.461824054011657,18.54771544367047
2023,Kicukiro,39.44773862784173,1.0544952293168348,53.77538866336677,18.570753876404417,11.186569693176844,17.292421664751522,10.414964141290078
2023,Nyagatare,17.035591305961432,9.657890482113977,68.34769626810277,11.024744867194867,19.974264991623222,14.08281607004165,15.014972562246808
2023,Gatsibo,42.48165993672264,7.422295148497584,71.37721877125206,11.81528096672783,8.893619187147838,12.828827230987246,3.548365994688483
2023,Kayonza,37.27247624028226,4.431046874465796,79.09933885172643,2.273979105721481,10.445325804538973,19.755800387605873,9.168684373150247
2023,Rwamagana,41.14655370582321,2.6160447671321445,75.92120035856107,9.4020328523895,13.810414352363138,14.954961202421025,19.78242043628289
2023,Bugesera,39.91252063923961,1.3222199859021888,79.07351897966939,7.098585570699335,13.83813483549087,17.906065238487777,18.151782776691633
2023,Ngoma,35.38810815258388,5.794347147977,46.46135630476995,10.522647881004046,13.72450608777339,6.308710905144023,12.901938733390207
2023,Kirehe,9.50171424978805,7.422151807801166,66.78574435412136,17.232122932887442,4.01766555809666,11.343029111069468,7.543666903253232
2023,Rulindo,36.41330204373009,6.291111198583728,62.30660840632487,10.49467929271577,18.48287511434342,11.856619893945503,11.848796143623918
2023,Gakenke,29.87669881396844,4.310643936512809,52.61156087890423,10.805835823037217,14.072578755515691,4.296584126924917,12.700416213836132
2023,Musanze,18.268380373454242,4.5479641971998035,68.08425895808944,4.62182932326718,5.4808634209541545,9.866152136620302,10.410736933618608
2023,Burera,40.211927456730756,6.8087358847256185,71.80729271553241,6.205034241332821,13.817448236030982,6.105772447264257,7.438101006504107
2023,Gicumbi,9.187075964628274,6.275873899789302,37.521169935904176,12.217622424422094,16.051679739216606,9.585132904348585,18.604678431058726
2023,Kamonyi,34.78416477116528,7.089022593501096,23.882717509604202,18.284719938399125,8.926161095693658,12.37748176859612,19.877610839842166
2023,Muhanga,5.2846777272471295,2.271057146846585,29.941720305728435,13.135797109785624,4.43910499083373,13.151633921884764,17.70765024415107
2023,Ruhango,23.654435027682705,5.245695444300207,78.65750987033655,15.728416113536854,3.4770471046973506,15.434647430459146,8.447655548267957
2023,Nyanza,17.245506569067032,9.417727475595898,60.42864892535017,8.559225379966968,16.172487002158455,3.1630823220558093,8.025150280824707
2023,Huye,36.647154521259495,6.72854458488049,61.27297081076289,7.606131564271059,13.197450571077665,2.7513421715406636,5.8862241932093315
2023,Nyamagabe,24.221488461388716,3.14870155151039,72.14329100519501,10.626858583130614,16.170426875992234,9.476110938441636,2.704594353988144
2023,Gisagara,15.233073511876238,7.575420948442745,32.284827713158535,11.059210812431122,18.53553767942188,10.810953993680565,8.456679996619247
2023,Nyaruguru,43.748591149342005,1.6973025186520259,57.92353590435102,19.69831896001491,17.686012019082078,14.178321589491304,6.264433110173011
2023,Nyamasheke,13.955498430886681,2.5788142156949565,29.113839444729877,6.2097282225486365,5.940198508893755,2.431283017904992,13.85392455410686
2023,Rusizi,43.89218194700998,8.137853319816573,29.441014522769546,13.685356721795708,13.067905880864284,7.050983365580523,12.119137819224568
2023,Karongi,46.24651591427947,7.944880292981794,71.11063123591538,4.690248389630948,2.089045374165047,8.718240640709023,14.04230778934457
2023,Ngororero,47.45702475607312,2.591609213133765,23.013674318985245,5.018503789611605,6.272802127106262,2.5537380568665142,18.559253627945143
2023,Rutsiro,38.015656942719424,8.127789575319195,38.48657538870582,7.512317996155483,14.034097556849265,4.569406403746865,9.84368659153942
2023,Rubavu,9.598158868616883,5.0764229379945585,34.95229978968612,14.37066105987549,10.277017829031742,12.945685182995911,7.548023624517501
2023,Nyabihu,44.37383119895836,9.652459025079423,42.087153982574335,10.907588706804988,6.29559997514302,12.728514815594028,2.418761122166841
