Year,District,TotalCases,PvCases,PfCases,PmCases,PoCases,MixedCases
2002,Nyarugenge,337,85,751,33,147,21
2002,Gasabo,448,67,742,43,87,37
2002,Kicukiro,126,121,484,42,138,12
2002,Nyagatare,738,145,170,25,99,47
2002,Gatsibo,614,35,358,49,47,49
2002,Kayonza,790,42,653,18,120,8
2002,Rwamagana,103,34,636,49,108,19
2002,Bugesera,190,70,226,32,87,5
2002,Ngoma,974,143,461,17,63,35
2002,Kirehe,471,162,295,12,64,45
2002,Rulindo,535,181,115,14,126,37
2002,Gakenke,817,45,681,44,59,26
2002,Musanze,462,25,315,23,123,37
2002,Burera,353,134,758,24,147,46
2002,Gicumbi,477,102,536,45,140,9
2002,Kamonyi,138,28,331,16,66,19
2002,Muhanga,688,108,124,33,130,48
2002,Ruhango,225,196,96,40,127,16
2002,Nyanza,927,42,366,49,72,10
2002,Huye,786,80,326,30,99,41
2002,Nyamagabe,819,43,141,42,71,24
2002,Gisagara,176,25,729,29,84,18
2002,Nyaruguru,455,60,210,11,137,5
2002,Nyamasheke,583,46,228,26,106,20
2002,Rusizi,139,128,770,35,121,36
2002,Karongi,269,53,273,24,50,39
2002,Ngororero,184,117,725,13,131,46
2002,Rutsiro,308,175,97,20,95,14
2002,Rubavu,392,190,440,46,46,44
2002,Nyabihu,307,70,505,25,43,28
2003,Nyarugenge,780,79,366,41,120,46
2003,Gasabo,951,122,257,26,86,5
2003,Kicukiro,897,124,346,13,144,40
2003,Nyagatare,760,124,262,35,149,48
2003,Gatsibo,627,66,683,41,80,36
2003,Kayonza,283,49,167,27,146,47
2003,Rwamagana,532,43,629,15,130,10
2003,Bugesera,791,162,399,47,96,31
2003,Ngoma,460,115,627,27,97,41
2003,Kirehe,765,126,428,48,81,26
2003,Rulindo,217,109,794,34,80,27
2003,Gakenke,470,152,531,37,96,14
2003,Musanze,137,49,275,42,104,49
2003,Burera,202,163,109,36,130,33
2003,Gicumbi,372,59,459,30,83,7
2003,Kamonyi,152,88,623,32,73,36
2003,Muhanga,441,49,484,24,37,29
2003,Ruhango,653,173,413,28,147,9
2003,Nyanza,519,27,302,34,127,48
2003,Huye,129,56,552,18,72,45
2003,Nyamagabe,408,73,663,31,97,9
2003,Gisagara,344,134,589,32,63,40
2003,Nyaruguru,512,28,647,22,130,33
2003,Nyamasheke,775,125,794,34,115,49
2003,Rusizi,854,86,685,23,84,30
2003,Karongi,450,42,533,35,94,32
2003,Ngororero,692,141,241,37,103,44
2003,Rutsiro,309,95,113,13,140,8
2003,Rubavu,782,104,774,12,44,21
2003,Nyabihu,527,74,650,18,69,30
2004,Nyarugenge,871,24,149,29,110,12
2004,Gasabo,686,123,568,19,95,32
2004,Kicukiro,701,108,543,37,70,31
2004,Nyagatare,144,42,390,42,133,21
2004,Gatsibo,269,163,575,38,56,5
2004,Kayonza,829,118,420,13,88,31
2004,Rwamagana,807,35,708,44,110,47
2004,Bugesera,417,162,464,45,91,19
2004,Ngoma,851,187,88,17,77,48
2004,Kirehe,794,55,445,38,119,45
2004,Rulindo,354,91,404,22,55,18
2004,Gakenke,743,143,586,45,124,10
2004,Musanze,652,82,786,24,72,44
2004,Burera,407,178,251,18,144,43
2004,Gicumbi,888,35,236,36,105,8
2004,Kamonyi,197,153,650,29,56,20
2004,Muhanga,282,111,605,31,139,11
2004,Ruhango,830,48,114,34,114,39
2004,Nyanza,435,99,544,45,76,42
2004,Huye,594,52,619,33,81,5
2004,Nyamagabe,200,38,366,20,70,24
2004,Gisagara,852,193,362,30,140,20
2004,Nyaruguru,653,73,107,19,65,7
2004,Nyamasheke,148,192,198,25,80,26
2004,Rusizi,857,190,573,44,117,39
2004,Karongi,412,188,396,46,98,6
2004,Ngororero,320,96,308,11,133,17
2004,Rutsiro,550,191,275,31,68,49
2004,Rubavu,834,48,424,23,127,27
2004,Nyabihu,525,124,257,43,88,47
2005,Nyarugenge,184,37,407,26,68,40
2005,Gasabo,225,154,158,32,130,28
2005,Kicukiro,223,198,617,19,75,16
2005,Nyagatare,241,151,524,32,44,6
2005,Gatsibo,257,165,645,48,78,17
2005,Kayonza,584,119,258,28,105,40
2005,Rwamagana,918,22,286,16,62,10
2005,Bugesera,949,175,292,26,40,9
2005,Ngoma,433,176,567,42,98,15
2005,Kirehe,443,142,286,29,129,8
2005,Rulindo,740,74,128,16,128,14
2005,Gakenke,687,161,607,10,79,46
2005,Musanze,316,199,377,12,99,48
2005,Burera,923,92,719,28,40,22
2005,Gicumbi,906,148,440,11,73,48
2005,Kamonyi,315,35,312,43,83,38
2005,Muhanga,312,20,729,49,123,14
2005,Ruhango,868,154,350,10,87,38
2005,Nyanza,992,22,209,32,98,31
2005,Huye,327,69,553,20,122,11
2005,Nyamagabe,485,120,580,12,129,31
2005,Gisagara,825,44,557,30,54,45
2005,Nyaruguru,384,106,428,39,112,49
2005,Nyamasheke,965,120,489,22,50,40
2005,Rusizi,893,167,446,37,99,27
2005,Karongi,396,74,394,26,102,29
2005,Ngororero,359,50,713,48,49,41
2005,Rutsiro,492,162,518,39,133,12
2005,Rubavu,174,190,543,15,107,31
2005,Nyabihu,580,173,602,27,67,46
2006,Nyarugenge,876,28,200,26,52,45
2006,Gasabo,657,51,648,45,92,19
2006,Kicukiro,882,171,375,48,91,20
2006,Nyagatare,176,78,608,20,66,37
2006,Gatsibo,958,139,727,11,36,44
2006,Kayonza,224,126,435,18,77,16
2006,Rwamagana,417,38,515,11,64,35
2006,Bugesera,928,20,701,23,60,11
2006,Ngoma,283,110,789,39,51,16
2006,Kirehe,467,192,447,31,82,20
2006,Rulindo,235,65,566,43,91,49
2006,Gakenke,893,88,680,47,93,47
2006,Musanze,738,91,435,36,120,29
2006,Burera,411,41,650,29,62,31
2006,Gicumbi,855,154,645,42,138,16
2006,Kamonyi,142,185,536,13,45,34
2006,Muhanga,316,48,511,37,131,21
2006,Ruhango,810,60,772,48,105,19
2006,Nyanza,566,78,633,15,49,29
2006,Huye,399,173,518,13,62,23
2006,Nyamagabe,959,152,749,44,144,49
2006,Gisagara,137,88,630,26,148,9
2006,Nyaruguru,257,103,709,18,55,5
2006,Nyamasheke,263,152,797,14,146,8
2006,Rusizi,190,85,614,46,119,26
2006,Karongi,494,179,274,26,76,5
2006,Ngororero,443,75,438,45,123,11
2006,Rutsiro,317,131,716,38,95,22
2006,Rubavu,714,172,256,41,140,38
2006,Nyabihu,903,24,134,23,139,42
2007,Nyarugenge,504,154,174,42,68,24
2007,Gasabo,510,97,328,17,125,30
2007,Kicukiro,948,38,162,13,47,47
2007,Nyagatare,760,180,671,28,106,39
2007,Gatsibo,797,110,215,42,52,21
2007,Kayonza,689,188,476,14,42,13
2007,Rwamagana,687,41,742,15,84,30
2007,Bugesera,702,29,316,44,69,37
2007,Ngoma,458,146,702,40,39,32
2007,Kirehe,459,102,349,18,78,18
2007,Rulindo,186,23,250,15,80,39
2007,Gakenke,700,100,620,17,59,49
2007,Musanze,779,122,308,35,39,31
2007,Burera,142,57,734,24,52,27
2007,Gicumbi,633,120,288,47,78,10
2007,Kamonyi,785,63,198,27,114,38
2007,Muhanga,609,55,754,23,59,33
2007,Ruhango,876,57,384,20,47,26
2007,Nyanza,374,84,191,27,65,32
2007,Huye,951,158,426,10,124,48
2007,Nyamagabe,317,136,640,19,116,21
2007,Gisagara,766,42,314,34,84,46
2007,Nyaruguru,290,130,258,40,148,13
2007,Nyamasheke,418,108,358,47,99,10
2007,Rusizi,950,109,386,32,146,6
2007,Karongi,884,28,657,19,72,45
2007,Ngororero,441,197,467,20,132,28
2007,Rutsiro,831,126,428,12,141,30
2007,Rubavu,697,81,246,19,142,38
2007,Nyabihu,624,89,400,24,139,9
2008,Nyarugenge,833,21,549,14,81,37
2008,Gasabo,755,69,264,13,129,48
2008,Kicukiro,425,105,586,48,43,42
2008,Nyagatare,487,60,287,10,110,40
2008,Gatsibo,131,180,523,42,143,10
2008,Kayonza,946,90,563,34,59,8
2008,Rwamagana,300,148,530,37,141,43
2008,Bugesera,218,28,274,16,69,25
2008,Ngoma,938,55,702,12,145,31
2008,Kirehe,685,193,604,12,112,20
2008,Rulindo,835,169,487,45,55,26
2008,Gakenke,140,126,550,43,97,20
2008,Musanze,410,30,128,35,35,14
2008,Burera,891,108,255,47,122,44
2008,Gicumbi,512,144,752,43,107,27
2008,Kamonyi,504,196,455,16,86,41
2008,Muhanga,548,100,366,26,95,28
2008,Ruhango,708,133,196,28,109,33
2008,Nyanza,990,72,378,34,35,49
2008,Huye,853,102,104,46,119,21
2008,Nyamagabe,752,146,213,20,69,45
2008,Gisagara,859,153,179,10,101,32
2008,Nyaruguru,799,66,533,20,135,13
2008,Nyamasheke,382,156,316,11,110,43
2008,Rusizi,380,150,757,30,94,22
2008,Karongi,675,112,107,25,51,41
2008,Ngororero,159,52,766,20,112,38
2008,Rutsiro,787,41,251,32,55,16
2008,Rubavu,734,76,83,12,76,34
2008,Nyabihu,501,121,183,17,86,27
2009,Nyarugenge,755,74,292,21,115,15
2009,Gasabo,409,94,347,18,51,46
2009,Kicukiro,712,198,406,28,124,19
2009,Nyagatare,321,31,201,15,59,20
2009,Gatsibo,730,183,191,44,146,34
2009,Kayonza,469,62,449,35,61,29
2009,Rwamagana,781,96,675,37,108,29
2009,Bugesera,664,73,769,40,76,43
2009,Ngoma,437,34,617,49,99,18
2009,Kirehe,903,48,472,27,147,24
2009,Rulindo,486,95,276,27,111,48
2009,Gakenke,869,156,518,42,145,46
2009,Musanze,247,63,542,25,123,5
2009,Burera,236,160,332,16,81,42
2009,Gicumbi,905,59,748,15,139,32
2009,Kamonyi,472,132,638,10,57,43
2009,Muhanga,927,164,337,22,135,44
2009,Ruhango,408,144,273,27,84,20
2009,Nyanza,984,195,203,25,37,44
2009,Huye,680,85,660,22,82,47
2009,Nyamagabe,771,187,701,20,109,22
2009,Gisagara,302,127,771,25,93,38
2009,Nyaruguru,930,165,514,21,70,21
2009,Nyamasheke,331,173,760,48,36,34
2009,Rusizi,486,157,459,11,98,33
2009,Karongi,386,69,736,27,132,27
2009,Ngororero,428,112,255,18,68,45
2009,Rutsiro,590,196,775,35,90,37
2009,Rubavu,158,69,604,14,73,13
2009,Nyabihu,577,46,146,31,114,30
2010,Nyarugenge,346,175,241,22,137,33
2010,Gasabo,371,97,790,27,133,36
2010,Kicukiro,897,182,735,48,123,26
2010,Nyagatare,631,79,443,46,76,9
2010,Gatsibo,938,72,406,16,41,38
2010,Kayonza,455,84,499,41,137,33
2010,Rwamagana,106,20,155,39,109,11
2010,Bugesera,393,35,548,14,83,29
2010,Ngoma,493,29,574,29,64,24
2010,Kirehe,906,92,421,30,148,24
2010,Rulindo,491,101,656,30,140,48
2010,Gakenke,201,192,682,12,93,15
2010,Musanze,382,195,296,19,77,9
2010,Burera,348,46,89,42,132,6
2010,Gicumbi,926,31,204,24,42,47
2010,Kamonyi,169,20,502,18,37,20
2010,Muhanga,597,65,137,11,142,9
2010,Ruhango,844,55,741,34,129,6
2010,Nyanza,790,43,605,19,146,38
2010,Huye,452,53,475,11,110,42
2010,Nyamagabe,397,132,146,47,39,7
2010,Gisagara,604,172,621,35,138,10
2010,Nyaruguru,233,158,513,49,131,17
2010,Nyamasheke,842,47,506,22,60,46
2010,Rusizi,579,98,748,47,138,6
2010,Karongi,102,72,640,11,124,25
2010,Ngororero,178,144,329,35,59,44
2010,Rutsiro,393,103,235,41,111,26
2010,Rubavu,822,123,485,14,136,29
2010,Nyabihu,727,98,571,41,112,8
2011,Nyarugenge,255,37,163,10,41,7
2011,Gasabo,670,75,84,42,145,30
2011,Kicukiro,348,125,349,45,141,45
2011,Nyagatare,836,75,472,23,37,29
2011,Gatsibo,441,190,500,11,143,38
2011,Kayonza,782,39,549,34,99,24
2011,Rwamagana,898,78,637,45,113,44
2011,Bugesera,136,77,329,25,133,19
2011,Ngoma,691,20,651,13,36,9
2011,Kirehe,918,54,398,12,75,34
2011,Rulindo,334,65,189,13,68,8
2011,Gakenke,553,161,422,18,140,31
2011,Musanze,783,94,499,21,101,31
2011,Burera,940,26,258,26,46,43
2011,Gicumbi,268,77,533,12,78,41
2011,Kamonyi,760,80,193,48,117,17
2011,Muhanga,355,62,613,29,48,19
2011,Ruhango,931,51,273,29,45,15
2011,Nyanza,188,64,773,39,59,39
2011,Huye,645,179,730,28,105,8
2011,Nyamagabe,434,168,278,35,63,30
2011,Gisagara,982,185,575,35,78,26
2011,Nyaruguru,428,166,128,45,82,28
2011,Nyamasheke,271,99,796,21,83,40
2011,Rusizi,580,179,670,47,54,10
2011,Karongi,796,173,557,46,95,8
2011,Ngororero,599,87,626,36,146,36
2011,Rutsiro,318,66,126,33,55,48
2011,Rubavu,821,169,347,13,106,12
2011,Nyabihu,372,22,368,11,64,22
2012,Nyarugenge,954,68,501,15,132,31
2012,Gasabo,369,46,97,39,146,31
2012,Kicukiro,200,98,216,24,83,35
2012,Nyagatare,501,139,238,47,36,8
2012,Gatsibo,808,27,82,44,137,20
2012,Kayonza,813,28,297,37,149,38
2012,Rwamagana,325,68,646,39,97,19
2012,Bugesera,317,30,234,17,70,40
2012,Ngoma,480,192,558,34,80,24
2012,Kirehe,332,172,680,43,139,19
2012,Rulindo,262,104,146,39,42,8
2012,Gakenke,502,130,691,19,54,47
2012,Musanze,437,168,447,11,97,11
2012,Burera,923,51,372,47,53,34
2012,Gicumbi,919,132,141,19,111,8
2012,Kamonyi,672,76,664,12,67,25
2012,Muhanga,943,163,378,12,89,45
2012,Ruhango,962,23,408,38,76,27
2012,Nyanza,226,25,528,45,89,21
2012,Huye,697,157,450,27,142,41
2012,Nyamagabe,236,198,201,35,47,13
2012,Gisagara,657,155,352,18,68,49
2012,Nyaruguru,758,152,753,10,89,13
2012,Nyamasheke,787,144,729,27,87,18
2012,Rusizi,459,164,373,47,44,14
2012,Karongi,684,188,675,45,35,26
2012,Ngororero,217,108,649,11,97,22
2012,Rutsiro,656,166,302,24,139,6
2012,Rubavu,604,73,703,44,125,5
2012,Nyabihu,781,106,719,19,41,20
2013,Nyarugenge,591,193,706,21,70,30
2013,Gasabo,574,104,293,30,46,26
2013,Kicukiro,207,115,88,40,120,13
2013,Nyagatare,639,33,242,24,131,31
2013,Gatsibo,164,172,86,41,146,31
2013,Kayonza,327,137,516,32,130,22
2013,Rwamagana,126,155,701,25,87,5
2013,Bugesera,502,66,688,23,71,17
2013,Ngoma,902,88,625,25,54,46
2013,Kirehe,857,67,587,33,68,25
2013,Rulindo,739,122,584,38,129,45
2013,Gakenke,292,70,638,23,121,39
2013,Musanze,429,102,161,49,139,31
2013,Burera,752,63,534,37,93,33
2013,Gicumbi,280,96,162,43,103,14
2013,Kamonyi,882,42,686,31,77,9
2013,Muhanga,604,77,503,16,99,48
2013,Ruhango,237,47,572,41,119,37
2013,Nyanza,787,95,206,47,101,29
2013,Huye,314,119,146,41,123,34
2013,Nyamagabe,203,33,392,13,85,33
2013,Gisagara,231,116,140,10,55,17
2013,Nyaruguru,944,160,298,13,136,44
2013,Nyamasheke,717,61,480,34,107,38
2013,Rusizi,272,67,451,31,41,38
2013,Karongi,530,158,142,45,39,9
2013,Ngororero,530,20,748,28,72,19
2013,Rutsiro,930,195,387,46,81,25
2013,Rubavu,374,130,182,39,113,15
2013,Nyabihu,366,155,241,33,130,36
2014,Nyarugenge,510,63,93,13,122,27
2014,Gasabo,966,172,304,18,39,35
2014,Kicukiro,662,78,689,42,138,10
2014,Nyagatare,359,157,438,25,136,8
2014,Gatsibo,526,119,201,42,64,12
2014,Kayonza,890,171,611,15,149,10
2014,Rwamagana,707,177,153,25,109,27
2014,Bugesera,102,105,623,19,71,26
2014,Ngoma,478,121,434,42,109,47
2014,Kirehe,481,148,492,29,84,5
2014,Rulindo,162,44,192,48,98,7
2014,Gakenke,858,98,612,23,51,6
2014,Musanze,306,117,322,36,59,36
2014,Burera,544,61,246,41,96,23
2014,Gicumbi,236,92,646,39,67,49
2014,Kamonyi,667,176,767,29,46,43
2014,Muhanga,907,102,220,13,94,14
2014,Ruhango,186,31,153,48,100,26
2014,Nyanza,920,102,591,34,46,18
2014,Huye,855,194,730,32,98,37
2014,Nyamagabe,566,90,546,19,148,35
2014,Gisagara,778,67,256,26,73,20
2014,Nyaruguru,777,124,501,25,111,7
2014,Nyamasheke,742,66,591,18,115,7
2014,Rusizi,614,167,602,32,73,36
2014,Karongi,454,150,702,21,106,31
2014,Ngororero,467,92,375,16,68,35
2014,Rutsiro,147,113,492,33,63,25
2014,Rubavu,385,104,366,19,108,16
2014,Nyabihu,987,139,388,44,37,25
2015,Nyarugenge,356,51,411,38,48,27
2015,Gasabo,626,149,620,34,136,48
2015,Kicukiro,888,84,335,34,76,5
2015,Nyagatare,750,128,127,45,75,6
2015,Gatsibo,449,177,279,14,76,26
2015,Kayonza,159,29,359,36,138,17
2015,Rwamagana,229,93,103,38,46,23
2015,Bugesera,267,105,595,31,111,49
2015,Ngoma,166,60,272,44,99,32
2015,Kirehe,497,142,570,33,113,8
2015,Rulindo,300,96,501,19,58,16
2015,Gakenke,804,136,588,46,140,14
2015,Musanze,784,131,135,15,78,10
2015,Burera,357,198,179,47,73,48
2015,Gicumbi,879,76,648,29,65,15
2015,Kamonyi,357,140,711,18,80,7
2015,Muhanga,670,140,684,19,60,35
2015,Ruhango,120,95,514,37,76,39
2015,Nyanza,559,148,220,11,70,43
2015,Huye,733,78,256,45,99,33
2015,Nyamagabe,785,51,245,43,54,8
2015,Gisagara,238,88,103,15,122,17
2015,Nyaruguru,995,83,109,30,109,44
2015,Nyamasheke,817,165,102,29,95,40
2015,Rusizi,564,120,411,45,135,46
2015,Karongi,181,194,187,10,83,30
2015,Ngororero,961,74,105,13,121,28
2015,Rutsiro,118,133,618,16,149,46
2015,Rubavu,401,149,127,15,145,35
2015,Nyabihu,433,89,547,13,92,29
2016,Nyarugenge,188,53,412,17,57,41
2016,Gasabo,419,157,641,43,130,10
2016,Kicukiro,490,139,309,12,93,21
2016,Nyagatare,239,20,208,30,147,17
2016,Gatsibo,927,20,563,43,65,35
2016,Kayonza,783,73,298,18,100,24
2016,Rwamagana,846,50,351,36,116,26
2016,Bugesera,894,87,454,42,36,49
2016,Ngoma,114,101,706,41,128,40
2016,Kirehe,324,68,512,37,140,24
2016,Rulindo,736,119,527,38,123,20
2016,Gakenke,392,151,331,44,99,21
2016,Musanze,276,30,766,34,79,6
2016,Burera,944,163,516,39,75,5
2016,Gicumbi,603,26,96,28,70,42
2016,Kamonyi,642,192,334,46,62,20
2016,Muhanga,327,190,274,19,121,17
2016,Ruhango,397,195,500,20,48,10
2016,Nyanza,940,101,481,48,94,10
2016,Huye,797,100,653,25,139,42
2016,Nyamagabe,435,153,361,45,103,17
2016,Gisagara,615,65,167,11,51,9
2016,Nyaruguru,165,89,612,47,116,46
2016,Nyamasheke,457,185,92,45,63,33
2016,Rusizi,834,87,322,28,69,30
2016,Karongi,699,91,726,25,40,7
2016,Ngororero,326,194,715,34,132,27
2016,Rutsiro,355,87,463,33,68,35
2016,Rubavu,644,188,569,35,76,36
2016,Nyabihu,463,105,616,42,120,43
2017,Nyarugenge,294,131,390,42,94,19
2017,Gasabo,409,81,589,39,147,5
2017,Kicukiro,188,161,712,33,135,30
2017,Nyagatare,877,26,160,30,148,16
2017,Gatsibo,693,52,307,38,128,20
2017,Kayonza,269,126,381,28,62,34
2017,Rwamagana,888,147,367,14,88,14
2017,Bugesera,401,96,578,49,53,28
2017,Ngoma,648,140,168,21,128,17
2017,Kirehe,876,98,278,42,92,12
2017,Rulindo,906,136,292,46,38,32
2017,Gakenke,628,172,773,18,62,18
2017,Musanze,781,94,323,41,105,47
2017,Burera,395,192,130,44,103,34
2017,Gicumbi,783,32,710,18,145,41
2017,Kamonyi,430,28,651,45,50,33
2017,Muhanga,546,36,505,40,139,31
2017,Ruhango,592,58,748,17,96,23
2017,Nyanza,450,181,503,23,122,11
2017,Huye,935,53,224,44,72,19
2017,Nyamagabe,202,32,274,34,91,6
2017,Gisagara,463,122,754,48,124,7
2017,Nyaruguru,577,181,303,16,50,34
2017,Nyamasheke,797,159,761,47,81,40
2017,Rusizi,772,75,596,25,44,42
2017,Karongi,905,149,349,41,106,28
2017,Ngororero,312,191,482,19,104,39
2017,Rutsiro,433,152,377,10,81,34
2017,Rubavu,591,119,454,19,114,24
2017,Nyabihu,819,28,98,38,72,25
2018,Nyarugenge,214,78,702,10,55,36
2018,Gasabo,471,94,640,26,74,38
2018,Kicukiro,453,86,492,44,75,23
2018,Nyagatare,312,175,442,41,102,18
2018,Gatsibo,552,80,784,20,98,22
2018,Kayonza,292,70,362,49,77,6
2018,Rwamagana,804,58,228,29,96,46
2018,Bugesera,965,116,632,17,146,41
2018,Ngoma,951,65,746,15,41,26
2018,Kirehe,768,190,571,37,141,38
2018,Rulindo,552,50,620,22,114,38
2018,Gakenke,326,59,600,33,121,5
2018,Musanze,189,53,510,22,93,30
2018,Burera,342,63,509,13,58,45
2018,Gicumbi,286,139,213,33,76,16
2018,Kamonyi,611,23,728,15,57,13
2018,Muhanga,699,146,785,17,64,6
2018,Ruhango,881,167,620,23,106,33
2018,Nyanza,274,76,336,22,141,30
2018,Huye,180,105,437,41,86,37
2018,Nyamagabe,213,146,410,23,86,9
2018,Gisagara,951,168,760,47,119,42
2018,Nyaruguru,373,77,146,11,94,19
2018,Nyamasheke,565,27,557,45,65,18
2018,Rusizi,137,173,472,18,125,38
2018,Karongi,243,173,287,48,145,16
2018,Ngororero,941,147,231,31,66,34
2018,Rutsiro,294,84,711,24,40,12
2018,Rubavu,538,170,652,48,49,9
2018,Nyabihu,574,157,780,20,141,29
2019,Nyarugenge,205,187,210,17,51,9
2019,Gasabo,261,81,611,19,68,40
2019,Kicukiro,787,66,647,34,98,33
2019,Nyagatare,342,123,573,39,43,23
2019,Gatsibo,158,72,388,11,149,37
2019,Kayonza,418,161,317,42,97,16
2019,Rwamagana,701,76,551,39,137,9
2019,Bugesera,992,143,291,44,39,49
2019,Ngoma,987,134,739,41,143,29
2019,Kirehe,310,45,587,34,91,29
2019,Rulindo,912,96,638,23,41,5
2019,Gakenke,190,47,681,48,42,28
2019,Musanze,714,85,571,41,119,47
2019,Burera,615,195,691,37,80,11
2019,Gicumbi,356,123,765,21,140,44
2019,Kamonyi,430,176,426,21,111,23
2019,Muhanga,952,63,700,43,98,28
2019,Ruhango,455,157,243,17,116,34
2019,Nyanza,435,109,226,16,118,41
2019,Huye,812,108,596,29,67,30
2019,Nyamagabe,494,149,319,13,147,18
2019,Gisagara,593,101,557,19,107,19
2019,Nyaruguru,216,193,349,22,67,38
2019,Nyamasheke,665,99,438,40,40,5
2019,Rusizi,570,160,537,19,55,37
2019,Karongi,266,68,639,31,73,13
2019,Ngororero,408,121,550,38,65,32
2019,Rutsiro,553,102,267,41,40,13
2019,Rubavu,106,62,264,42,57,7
2019,Nyabihu,177,180,253,40,64,27
2020,Nyarugenge,524,184,81,29,122,20
2020,Gasabo,149,35,695,21,55,15
2020,Kicukiro,501,89,503,20,131,23
2020,Nyagatare,611,67,722,27,127,35
2020,Gatsibo,996,110,397,13,93,46
2020,Kayonza,915,185,103,48,99,29
2020,Rwamagana,789,54,398,20,42,26
2020,Bugesera,307,58,137,42,106,36
2020,Ngoma,909,155,197,22,40,33
2020,Kirehe,813,81,344,48,57,24
2020,Rulindo,532,117,339,19,68,41
2020,Gakenke,104,41,414,20,43,38
2020,Musanze,976,93,658,47,73,42
2020,Burera,251,102,478,36,109,47
2020,Gicumbi,452,124,574,42,85,10
2020,Kamonyi,527,68,697,47,146,19
2020,Muhanga,873,90,693,22,130,8
2020,Ruhango,702,29,782,18,105,40
2020,Nyanza,808,70,491,24,45,12
2020,Huye,730,51,486,39,98,35
2020,Nyamagabe,943,144,706,14,139,16
2020,Gisagara,939,108,692,40,55,39
2020,Nyaruguru,189,159,676,41,112,32
2020,Nyamasheke,279,169,391,40,45,46
2020,Rusizi,723,43,346,48,145,28
2020,Karongi,363,72,133,35,51,17
2020,Ngororero,284,97,361,24,88,35
2020,Rutsiro,776,165,277,44,81,37
2020,Rubavu,850,58,400,20,56,10
2020,Nyabihu,529,172,150,34,43,37
2021,Nyarugenge,429,96,769,18,52,23
2021,Gasabo,635,118,654,15,148,18
2021,Kicukiro,225,63,150,10,68,7
2021,Nyagatare,232,27,192,27,37,20
2021,Gatsibo,292,89,386,14,53,5
2021,Kayonza,790,160,189,38,35,23
2021,Rwamagana,436,125,185,29,115,20
2021,Bugesera,746,39,708,12,137,11
2021,Ngoma,207,157,230,31,46,41
2021,Kirehe,971,23,262,26,69,13
2021,Rulindo,358,62,313,42,80,47
2021,Gakenke,418,35,490,43,104,17
2021,Musanze,169,92,237,46,132,18
2021,Burera,553,135,690,46,53,33
2021,Gicumbi,283,178,412,27,76,26
2021,Kamonyi,655,190,166,27,90,30
2021,Muhanga,332,81,99,38,38,24
2021,Ruhango,276,57,678,17,136,30
2021,Nyanza,286,171,681,12,147,26
2021,Huye,434,153,362,24,72,41
2021,Nyamagabe,717,136,267,36,142,9
2021,Gisagara,441,148,513,41,59,5
2021,Nyaruguru,135,122,477,38,82,23
2021,Nyamasheke,627,194,499,14,147,35
2021,Rusizi,213,75,797,25,142,32
2021,Karongi,595,80,217,16,108,47
2021,Ngororero,896,138,627,14,135,28
2021,Rutsiro,834,97,338,35,89,34
2021,Rubavu,807,37,533,33,48,33
2021,Nyabihu,825,124,786,43,148,21
2022,Nyarugenge,638,156,493,33,40,15
2022,Gasabo,265,46,241,36,105,32
2022,Kicukiro,485,178,598,19,73,24
2022,Nyagatare,256,46,474,33,37,32
2022,Gatsibo,326,50,778,49,39,18
2022,Kayonza,874,173,94,47,148,26
2022,Rwamagana,773,26,393,11,145,5
2022,Bugesera,722,195,639,31,104,37
2022,Ngoma,596,26,277,36,142,41
2022,Kirehe,506,115,115,35,62,6
2022,Rulindo,820,148,471,40,149,14
2022,Gakenke,743,49,117,15,42,7
2022,Musanze,271,48,568,30,145,39
2022,Burera,673,45,178,21,97,25
2022,Gicumbi,893,140,613,20,97,42
2022,Kamonyi,626,160,141,23,95,11
2022,Muhanga,974,155,545,28,111,46
2022,Ruhango,725,150,418,23,133,5
2022,Nyanza,631,194,547,39,133,41
2022,Huye,722,21,361,20,122,10
2022,Nyamagabe,569,199,367,47,141,24
2022,Gisagara,499,77,757,24,116,22
2022,Nyaruguru,950,97,669,47,66,47
2022,Nyamasheke,723,85,502,32,71,15
2022,Rusizi,627,74,400,23,108,47
2022,Karongi,739,51,662,40,62,6
2022,Ngororero,559,139,626,38,117,49
2022,Rutsiro,493,142,377,27,66,12
2022,Rubavu,213,166,730,18,86,33
2022,Nyabihu,956,168,287,39,111,31
2023,Nyarugenge,328,29,134,17,132,13
2023,Gasabo,361,155,199,28,90,22
2023,Kicukiro,677,82,571,16,47,32
2023,Nyagatare,673,79,345,22,39,13
2023,Gatsibo,744,50,113,15,116,27
2023,Kayonza,950,175,372,13,73,11
2023,Rwamagana,649,170,283,30,110,41
2023,Bugesera,646,190,757,32,46,42
2023,Ngoma,435,176,372,22,127,32
2023,Kirehe,963,108,564,18,136,17
2023,Rulindo,260,152,246,16,97,41
2023,Gakenke,233,171,591,20,63,48
2023,Musanze,127,158,308,27,109,8
2023,Burera,883,188,702,42,38,15
2023,Gicumbi,673,85,450,31,55,14
2023,Kamonyi,941,125,684,38,99,32
2023,Muhanga,465,162,780,47,99,8
2023,Ruhango,275,182,307,39,82,27
2023,Nyanza,418,76,436,28,80,41
2023,Huye,906,53,662,35,93,40
2023,Nyamagabe,472,137,323,48,82,18
2023,Gisagara,214,164,429,45,66,43
2023,Nyaruguru,687,114,268,40,126,40
2023,Nyamasheke,425,38,243,10,98,46
2023,Rusizi,530,122,150,21,140,45
2023,Karongi,628,81,389,28,127,41
2023,Ngororero,450,60,302,35,86,7
2023,Rutsiro,554,153,531,17,106,19
2023,Rubavu,606,68,131,19,66,15
2023,Nyabihu,531,82,272,14,60,48
